tm_index,cold_target,cold_solve_time,cold_iterations,minhop_target,minhop_solve_time,minhop_iterations,loadbalance_target,loadbalance_solve_time,loadbalance_iterations,greedyqos_target,greedyqos_solve_time,greedyqos_iterations,minhop_improvement_pct,loadbalance_improvement_pct,greedyqos_improvement_pct
0,10394.838235,0.0246,2.0,10394.838235,0.0281,2.0,10394.838235,0.0224,2.0,10394.838235,0.0259,2.0,-13.92,8.89,-5.16
1,11130.588235,0.0245,23.0,11130.588235,0.0227,23.0,11130.588235,0.0207,23.0,11130.588235,0.0220,23.0,7.24,15.20,9.91
2,4858.797794,0.0213,45.0,4858.797794,0.0256,45.0,4858.797794,0.0253,45.0,4858.797794,0.0255,45.0,-20.28,-18.61,-19.78
3,6225.617647,0.0209,46.0,6225.617647,0.0246,46.0,6225.617647,0.0276,46.0,6225.617647,0.0284,46.0,-17.29,-31.82,-35.60
4,13193.426471,0.0221,29.0,13193.426471,0.0221,29.0,13193.426471,0.0264,29.0,13193.426471,0.0245,29.0,-0.27,-19.52,-10.81
5,9517.834559,0.0206,2.0,9517.834559,0.0260,2.0,9517.834559,0.0244,2.0,9517.834559,0.0249,2.0,-26.42,-18.55,-21.09
6,23372.713235,0.0227,7.0,23372.713235,0.0229,7.0,23372.713235,0.0241,7.0,23372.713235,0.0229,7.0,-1.12,-6.28,-1.26
7,13099.970588,0.0204,23.0,13099.970588,0.0239,23.0,13099.970588,0.0229,23.0,13099.970588,0.0250,23.0,-17.06,-12.40,-22.83
8,12168.830882,0.0203,5.0,12168.830882,0.0228,5.0,12168.830882,0.0236,5.0,12168.830882,0.0243,5.0,-12.34,-16.22,-19.53
9,12288.003676,0.0228,22.0,12288.003676,0.0205,22.0,12288.003676,0.0233,22.0,12288.003676,0.0221,22.0,10.04,-2.15,3.14
10,17221.036765,0.0211,33.0,17221.036765,0.0230,33.0,17221.036765,0.0247,33.0,17221.036765,0.0234,33.0,-8.81,-17.09,-10.74
11,12962.985294,0.0202,23.0,12962.985294,0.0223,23.0,12962.985294,0.0204,23.0,12962.985294,0.0252,23.0,-10.37,-0.91,-24.98
12,2854.253676,0.0236,32.0,2854.253676,0.0254,32.0,2854.253676,0.0250,32.0,2854.253676,0.0264,32.0,-7.67,-6.06,-11.72
13,146220.613971,0.0237,3.0,146220.613971,0.0232,3.0,146220.613971,0.0223,3.0,146220.613971,0.0218,3.0,1.72,5.60,7.66
14,11691.996324,0.0245,29.0,11691.996324,0.0258,29.0,11691.996324,0.0236,29.0,11691.996324,0.0259,29.0,-5.30,3.84,-5.46
15,10343.617647,0.0253,24.0,10343.617647,0.0254,24.0,10343.617647,0.0239,24.0,10343.617647,0.0242,24.0,-0.17,5.53,4.37
16,28262.334559,0.0238,29.0,28262.334559,0.0216,29.0,28262.334559,0.0237,29.0,28262.334559,0.0239,29.0,9.34,0.33,-0.57
17,18331.323529,0.0203,21.0,18331.323529,0.0235,21.0,18331.323529,0.0234,21.0,18331.323529,0.0235,21.0,-16.16,-15.70,-16.22
18,10604.352941,0.0205,38.0,10604.352941,0.0233,38.0,10604.352941,0.0219,38.0,10604.352941,0.0226,38.0,-13.47,-6.50,-10.04
19,2355.683824,0.0209,27.0,2355.683824,0.0227,27.0,2355.683824,0.0224,27.0,2355.683824,0.0265,27.0,-8.59,-7.14,-26.86
20,24193.889706,0.0266,28.0,24193.889706,0.0208,28.0,24193.889706,0.0274,28.0,24193.889706,0.0287,28.0,21.84,-3.09,-7.95
21,15334.761029,0.0320,28.0,15334.761029,0.0276,28.0,15334.761029,0.0242,28.0,15334.761029,0.0238,28.0,13.74,24.29,25.68
22,2785.558824,0.0230,17.0,2785.558824,0.0230,17.0,2785.558824,0.0228,17.0,2785.558824,0.0227,17.0,0.24,1.10,1.66
23,19026.705882,0.0232,35.0,19026.705882,0.0238,35.0,19026.705882,0.0255,35.0,19026.705882,0.0232,35.0,-2.50,-9.79,0.13
24,2905.113971,0.0257,42.0,2905.113971,0.0234,42.0,2905.113971,0.0246,42.0,2905.113971,0.0241,42.0,8.78,4.04,5.92
25,37594.577206,0.0258,6.0,37594.577206,0.0213,6.0,37594.577206,0.0222,6.0,37594.577206,0.0258,6.0,17.47,13.72,-0.11
26,9461.297794,0.0265,3.0,9461.297794,0.0219,3.0,9461.297794,0.0232,3.0,9461.297794,0.0217,3.0,17.45,12.69,18.41
27,15446.915441,0.0214,32.0,15446.915441,0.0231,32.0,15446.915441,0.0262,32.0,15446.915441,0.0250,32.0,-8.15,-22.61,-16.87
28,4535.040441,0.0258,40.0,4535.040441,0.0220,40.0,4535.040441,0.0254,40.0,4535.040441,0.0241,40.0,14.75,1.83,6.70
29,2267.558824,0.0203,35.0,2267.558824,0.0253,35.0,2267.558824,0.0224,35.0,2267.558824,0.0221,35.0,-24.96,-10.69,-8.99
30,14540.562500,0.0261,31.0,14540.562500,0.0234,31.0,14540.562500,0.0228,31.0,14540.562500,0.0258,31.0,10.59,12.83,1.29
31,22865.790441,0.0219,3.0,22865.790441,0.0219,3.0,22865.790441,0.0225,3.0,22865.790441,0.0223,3.0,-0.28,-2.86,-2.07
32,1546.937500,0.0198,42.0,1546.937500,0.0236,42.0,1546.937500,0.0251,42.0,1546.937500,0.0229,42.0,-19.23,-27.18,-15.67
33,13290.797794,0.0228,3.0,13290.797794,0.0217,3.0,13290.797794,0.0234,3.0,13290.797794,0.0256,3.0,4.53,-2.75,-12.38
34,4529.095588,0.0221,39.0,4529.095588,0.0223,39.0,4529.095588,0.0246,39.0,4529.095588,0.0252,39.0,-0.76,-11.18,-14.22
35,14799.746324,0.0279,32.0,14799.746324,0.0233,32.0,14799.746324,0.0268,32.0,14799.746324,0.0244,32.0,16.43,4.07,12.76
36,24567.841912,0.0204,26.0,24567.841912,0.0241,26.0,24567.841912,0.0233,26.0,24567.841912,0.0239,26.0,-18.09,-14.28,-17.45
37,20115.863971,0.0235,25.0,20115.863971,0.0218,25.0,20115.863971,0.0247,25.0,20115.863971,0.0245,25.0,7.36,-4.77,-3.93
38,12587.279412,0.0217,30.0,12587.279412,0.0222,30.0,12587.279412,0.0229,30.0,12587.279412,0.0225,30.0,-2.38,-5.64,-3.84
39,14659.812500,0.0199,23.0,14659.812500,0.0217,23.0,14659.812500,0.0213,23.0,14659.812500,0.0222,23.0,-9.15,-7.12,-11.45
40,2569.661765,0.0222,17.0,2569.661765,0.0204,17.0,2569.661765,0.0222,17.0,2569.661765,0.0231,17.0,8.12,-0.19,-4.18
41,37350.625000,0.0264,3.0,37350.625000,0.0199,3.0,37350.625000,0.0265,3.0,37350.625000,0.0219,3.0,24.56,-0.48,17.25
42,11044.959559,0.0300,20.0,11044.959559,0.0258,20.0,11044.959559,0.0230,20.0,11044.959559,0.0232,20.0,14.08,23.41,22.67
43,16527.426471,0.0220,3.0,16527.426471,0.0259,3.0,16527.426471,0.0250,3.0,16527.426471,0.0227,3.0,-17.45,-13.50,-3.22
44,11133.485294,0.0188,3.0,11133.485294,0.0231,3.0,11133.485294,0.0220,3.0,11133.485294,0.0238,3.0,-23.05,-17.24,-26.53
45,26376.088235,0.0240,21.0,26376.088235,0.0290,21.0,26376.088235,0.0253,21.0,26376.088235,0.0228,21.0,-20.82,-5.30,5.00
46,3045.011029,0.0198,23.0,3045.011029,0.0228,23.0,3045.011029,0.0225,23.0,3045.011029,0.0320,23.0,-15.23,-13.92,-61.75
47,19130.011029,0.0188,24.0,19130.011029,0.0214,24.0,19130.011029,0.0227,24.0,19130.011029,0.0236,24.0,-13.35,-20.69,-24.99
48,11439.459559,0.0312,3.0,11439.459559,0.0275,3.0,11439.459559,0.0223,3.0,11439.459559,0.0320,3.0,11.96,28.45,-2.57
49,10478.268382,0.0203,23.0,10478.268382,0.0196,23.0,10478.268382,0.0239,23.0,10478.268382,0.0230,23.0,3.87,-17.31,-13.17
50,12597.036765,0.0199,21.0,12597.036765,0.0218,21.0,12597.036765,0.0220,21.0,12597.036765,0.0234,21.0,-9.55,-10.98,-17.67
51,18981.544118,0.0199,2.0,18981.544118,0.0211,2.0,18981.544118,0.0321,2.0,18981.544118,0.0233,2.0,-6.37,-61.51,-17.30
52,3710.863971,0.0196,4.0,3710.863971,0.0189,4.0,3710.863971,0.0244,4.0,3710.863971,0.0206,4.0,3.51,-24.24,-5.18
53,26940.911765,0.0214,16.0,26940.911765,0.0225,16.0,26940.911765,0.0231,16.0,26940.911765,0.0247,16.0,-5.02,-8.04,-15.57
54,5933.566176,0.0231,4.0,5933.566176,0.0308,4.0,5933.566176,0.0241,4.0,5933.566176,0.0222,4.0,-33.42,-4.61,3.97
55,39537.312500,0.0193,5.0,39537.312500,0.0228,5.0,39537.312500,0.0229,5.0,39537.312500,0.0228,5.0,-17.70,-18.64,-18.09
56,17092.713235,0.0187,26.0,17092.713235,0.0273,26.0,17092.713235,0.0248,26.0,17092.713235,0.0217,26.0,-45.87,-32.74,-15.84
57,32192.220588,0.0210,7.0,32192.220588,0.0218,7.0,32192.220588,0.0232,7.0,32192.220588,0.0260,7.0,-4.06,-10.79,-23.83
58,12157.397059,0.0204,3.0,12157.397059,0.0236,3.0,12157.397059,0.0258,3.0,12157.397059,0.0246,3.0,-15.97,-26.41,-20.49
59,15155.503676,0.0195,31.0,15155.503676,0.0248,31.0,15155.503676,0.0236,31.0,15155.503676,0.0231,31.0,-27.06,-20.79,-18.30
60,11915.198529,0.0195,2.0,11915.198529,0.0218,2.0,11915.198529,0.0211,2.0,11915.198529,0.0235,2.0,-12.03,-8.27,-20.66
61,12601.705882,0.0237,6.0,12601.705882,0.0227,6.0,12601.705882,0.0211,6.0,12601.705882,0.0258,6.0,4.25,10.93,-8.79
62,37375.099265,0.0216,6.0,37375.099265,0.0246,6.0,37375.099265,0.0214,6.0,37375.099265,0.0262,6.0,-14.10,0.73,-21.70
63,13103.841912,0.0196,29.0,13103.841912,0.0203,29.0,13103.841912,0.0247,29.0,13103.841912,0.0224,29.0,-3.60,-26.47,-14.74
64,13335.496324,0.0219,3.0,13335.496324,0.0219,3.0,13335.496324,0.0235,3.0,13335.496324,0.0221,3.0,-0.32,-7.57,-0.92
65,13095.606618,0.0200,27.0,13095.606618,0.0224,27.0,13095.606618,0.0219,27.0,13095.606618,0.0213,27.0,-11.70,-9.20,-6.54
66,17280.852941,0.0200,27.0,17280.852941,0.0217,27.0,17280.852941,0.0246,27.0,17280.852941,0.0226,27.0,-8.35,-22.60,-12.80
67,25794.875000,0.0206,3.0,25794.875000,0.0231,3.0,25794.875000,0.0243,3.0,25794.875000,0.0234,3.0,-12.08,-18.10,-13.43
68,28117.886029,0.0210,6.0,28117.886029,0.0269,6.0,28117.886029,0.0276,6.0,28117.886029,0.0300,6.0,-28.27,-31.26,-43.04
69,11701.077206,0.0193,28.0,11701.077206,0.0278,28.0,11701.077206,0.0251,28.0,11701.077206,0.0231,28.0,-43.95,-29.89,-19.19
70,16361.882353,0.0197,26.0,16361.882353,0.0267,26.0,16361.882353,0.0271,26.0,16361.882353,0.0241,26.0,-35.74,-37.55,-22.39
71,17697.680147,0.0194,4.0,17697.680147,0.0239,4.0,17697.680147,0.0227,4.0,17697.680147,0.0238,4.0,-23.32,-17.34,-22.80
72,27050.636029,0.0196,6.0,27050.636029,0.0255,6.0,27050.636029,0.0253,6.0,27050.636029,0.0251,6.0,-29.86,-28.99,-27.77
73,21302.036765,0.0205,33.0,21302.036765,0.0231,33.0,21302.036765,0.0267,33.0,21302.036765,0.0258,33.0,-12.50,-30.47,-26.02
74,35137.176471,0.0196,16.0,35137.176471,0.0209,16.0,35137.176471,0.0343,16.0,35137.176471,0.0223,16.0,-6.32,-75.08,-13.70
75,20240.786765,0.0205,30.0,20240.786765,0.0205,30.0,20240.786765,0.0207,30.0,20240.786765,0.0240,30.0,-0.03,-0.97,-16.81
76,16612.213235,0.0196,3.0,16612.213235,0.0197,3.0,16612.213235,0.0226,3.0,16612.213235,0.0237,3.0,-0.29,-14.99,-20.78
77,14685.764706,0.0190,3.0,14685.764706,0.0195,3.0,14685.764706,0.0233,3.0,14685.764706,0.0228,3.0,-2.86,-22.66,-20.12
78,12852.775735,0.0212,29.0,12852.775735,0.0206,29.0,12852.775735,0.0244,29.0,12852.775735,0.0250,29.0,2.74,-15.14,-18.01
79,14379.485294,0.0209,33.0,14379.485294,0.0223,33.0,14379.485294,0.0283,33.0,14379.485294,0.0244,33.0,-6.75,-35.85,-17.14
80,12896.382353,0.0217,3.0,12896.382353,0.0263,3.0,12896.382353,0.0229,3.0,12896.382353,0.0249,3.0,-21.29,-5.62,-15.13
81,14057.279412,0.0226,2.0,14057.279412,0.0207,2.0,14057.279412,0.0252,2.0,14057.279412,0.0223,2.0,8.37,-11.36,1.60
82,31212.518382,0.0204,5.0,31212.518382,0.0273,5.0,31212.518382,0.0234,5.0,31212.518382,0.0322,5.0,-33.87,-14.43,-57.93
83,18758.433824,0.0231,6.0,18758.433824,0.0244,6.0,18758.433824,0.0225,6.0,18758.433824,0.0245,6.0,-5.58,2.78,-5.81
84,18625.169118,0.0211,31.0,18625.169118,0.0221,31.0,18625.169118,0.0227,31.0,18625.169118,0.0255,31.0,-4.66,-7.30,-21.02
85,13444.073529,0.0227,5.0,13444.073529,0.0298,5.0,13444.073529,0.0225,5.0,13444.073529,0.0216,5.0,-31.48,0.64,4.69
86,11813.694853,0.0220,3.0,11813.694853,0.0214,3.0,11813.694853,0.0240,3.0,11813.694853,0.0223,3.0,2.68,-8.72,-1.22
87,16082.257353,0.0193,33.0,16082.257353,0.0267,33.0,16082.257353,0.0266,33.0,16082.257353,0.0232,33.0,-38.56,-38.23,-20.73
88,16627.330882,0.0194,30.0,16627.330882,0.0237,30.0,16627.330882,0.0270,30.0,16627.330882,0.0205,30.0,-22.42,-39.21,-5.87
89,22874.555147,0.0213,30.0,22874.555147,0.0273,30.0,22874.555147,0.0239,30.0,22874.555147,0.0245,30.0,-28.41,-12.33,-15.52
90,6718.305147,0.0211,32.0,6718.305147,0.0192,32.0,6718.305147,0.0243,32.0,6718.305147,0.0256,32.0,9.29,-14.77,-21.01
91,2155.007353,0.0201,31.0,2155.007353,0.0235,31.0,2155.007353,0.0233,31.0,2155.007353,0.0215,31.0,-17.06,-16.31,-7.01
92,5703.194853,0.0193,21.0,5703.194853,0.0215,21.0,5703.194853,0.0244,21.0,5703.194853,0.0213,21.0,-11.31,-26.39,-9.89
93,9208.562500,0.0187,23.0,9208.562500,0.0208,23.0,9208.562500,0.0270,23.0,9208.562500,0.0235,23.0,-11.57,-44.62,-26.09
94,20346.772059,0.0212,41.0,20346.772059,0.0269,41.0,20346.772059,0.0225,41.0,20346.772059,0.0354,41.0,-27.31,-6.12,-67.23
95,4647.040441,0.0216,17.0,4647.040441,0.0287,17.0,4647.040441,0.0249,17.0,4647.040441,0.0222,17.0,-33.22,-15.38,-2.84
96,4351.382353,0.0215,21.0,4351.382353,0.0227,21.0,4351.382353,0.0224,21.0,4351.382353,0.0233,21.0,-5.85,-4.59,-8.74
97,5962.169118,0.0190,5.0,5962.169118,0.0216,5.0,5962.169118,0.0239,5.0,5962.169118,0.0231,5.0,-13.71,-26.09,-21.72
98,15801.904412,0.0199,28.0,15801.904412,0.0251,28.0,15801.904412,0.0214,28.0,15801.904412,0.0230,28.0,-26.27,-7.94,-15.58
99,27924.591912,0.0222,6.0,27924.591912,0.0229,6.0,27924.591912,0.0284,6.0,27924.591912,0.0221,6.0,-2.89,-27.84,0.46
100,3080.948529,0.0215,47.0,3080.948529,0.0229,47.0,3080.948529,0.0240,47.0,3080.948529,0.0245,47.0,-6.36,-11.43,-13.50
101,3115.433824,0.0203,42.0,3115.433824,0.0227,42.0,3115.433824,0.0275,42.0,3115.433824,0.0223,42.0,-12.15,-35.82,-10.10
102,6775.000000,0.0314,19.0,6775.000000,0.0341,19.0,6775.000000,0.0276,19.0,6775.000000,0.0271,19.0,-8.73,12.11,13.73
103,16470.724265,0.0213,7.0,16470.724265,0.0339,7.0,16470.724265,0.0241,7.0,16470.724265,0.0251,7.0,-59.50,-13.18,-17.93
104,6429.959559,0.0218,18.0,6429.959559,0.0303,18.0,6429.959559,0.0222,18.0,6429.959559,0.0235,18.0,-39.11,-1.89,-7.98
105,16692.426471,0.0196,23.0,16692.426471,0.0281,23.0,16692.426471,0.0234,23.0,16692.426471,0.0253,23.0,-43.39,-19.73,-29.23
106,5008.930147,0.0247,29.0,5008.930147,0.0207,29.0,5008.930147,0.0210,29.0,5008.930147,0.0219,29.0,16.16,14.94,11.30
107,15681.371324,0.0193,26.0,15681.371324,0.0194,26.0,15681.371324,0.0311,26.0,15681.371324,0.0246,26.0,-0.22,-60.67,-26.99
108,26548.860294,0.0212,6.0,26548.860294,0.0213,6.0,26548.860294,0.0239,6.0,26548.860294,0.0237,6.0,-0.17,-12.60,-11.53
109,12898.000000,0.0248,20.0,12898.000000,0.0201,20.0,12898.000000,0.0241,20.0,12898.000000,0.0231,20.0,18.74,2.88,6.99
110,3595.139706,0.0185,30.0,3595.139706,0.0200,30.0,3595.139706,0.0275,30.0,3595.139706,0.0211,30.0,-8.19,-48.79,-14.22
111,9254.672794,0.0206,5.0,9254.672794,0.0217,5.0,9254.672794,0.0231,5.0,9254.672794,0.0223,5.0,-5.32,-12.01,-8.54
112,8274.617647,0.0193,31.0,8274.617647,0.0222,31.0,8274.617647,0.0334,31.0,8274.617647,0.0214,31.0,-15.37,-73.39,-11.16
113,24179.286765,0.0222,2.0,24179.286765,0.0208,2.0,24179.286765,0.0258,2.0,24179.286765,0.0226,2.0,6.35,-16.15,-1.44
114,11624.533088,0.0215,28.0,11624.533088,0.0199,28.0,11624.533088,0.0244,28.0,11624.533088,0.0224,28.0,7.14,-13.54,-4.32
115,10256.625000,0.0230,29.0,10256.625000,0.0212,29.0,10256.625000,0.0261,29.0,10256.625000,0.0231,29.0,7.77,-13.88,-0.72
116,7223.750000,0.0193,19.0,7223.750000,0.0232,19.0,7223.750000,0.0220,19.0,7223.750000,0.0227,19.0,-20.49,-14.21,-17.90
117,2716.448529,0.0194,37.0,2716.448529,0.0348,37.0,2716.448529,0.0221,37.0,2716.448529,0.0222,37.0,-79.17,-14.05,-14.58
118,16254.040441,0.0181,28.0,16254.040441,0.0246,28.0,16254.040441,0.0219,28.0,16254.040441,0.0222,28.0,-35.84,-21.02,-22.47
119,2929.250000,0.0200,28.0,2929.250000,0.0217,28.0,2929.250000,0.0255,28.0,2929.250000,0.0237,28.0,-8.04,-27.41,-18.00
120,2756.996324,0.0250,45.0,2756.996324,0.0203,45.0,2756.996324,0.0247,45.0,2756.996324,0.0233,45.0,18.72,1.01,6.54
121,18938.257353,0.0191,30.0,18938.257353,0.0215,30.0,18938.257353,0.0240,30.0,18938.257353,0.0238,30.0,-13.00,-25.96,-24.71
122,11197.205882,0.0206,6.0,11197.205882,0.0201,6.0,11197.205882,0.0255,6.0,11197.205882,0.0234,6.0,2.58,-23.63,-13.44
123,19619.540441,0.0224,29.0,19619.540441,0.0218,29.0,19619.540441,0.0250,29.0,19619.540441,0.0230,29.0,2.80,-11.54,-2.54
124,18261.676471,0.0188,23.0,18261.676471,0.0244,23.0,18261.676471,0.0239,23.0,18261.676471,0.0234,23.0,-29.72,-27.12,-24.25
125,27547.007353,0.0211,6.0,27547.007353,0.0266,6.0,27547.007353,0.0320,6.0,27547.007353,0.0222,6.0,-25.59,-51.27,-4.83
126,6981.988971,0.0202,41.0,6981.988971,0.0210,41.0,6981.988971,0.0427,41.0,6981.988971,0.0237,41.0,-4.20,-111.72,-17.43
127,1517.341912,0.0218,50.0,1517.341912,0.0244,50.0,1517.341912,0.0240,50.0,1517.341912,0.0218,50.0,-12.06,-10.26,-0.08
128,12948.948529,0.0205,44.0,12948.948529,0.0241,44.0,12948.948529,0.0241,44.0,12948.948529,0.0235,44.0,-17.91,-17.71,-14.61
129,9681.253676,0.0195,28.0,9681.253676,0.0225,28.0,9681.253676,0.0239,28.0,9681.253676,0.0216,28.0,-15.82,-22.57,-11.23
130,29137.077206,0.0211,18.0,29137.077206,0.0199,18.0,29137.077206,0.0236,18.0,29137.077206,0.0231,18.0,5.58,-11.96,-9.32
131,11231.044118,0.0190,30.0,11231.044118,0.0209,30.0,11231.044118,0.0239,30.0,11231.044118,0.0239,30.0,-10.08,-25.83,-25.68
132,26832.566176,0.0215,42.0,26832.566176,0.0209,42.0,26832.566176,0.0241,42.0,26832.566176,0.0226,42.0,3.14,-11.88,-5.13
133,5186.161765,0.0218,18.0,5186.161765,0.0195,18.0,5186.161765,0.0319,18.0,5186.161765,0.0222,18.0,10.76,-45.99,-1.84
134,24594.886029,0.0202,21.0,24594.886029,0.0204,21.0,24594.886029,0.0355,21.0,24594.886029,0.0245,21.0,-0.76,-75.16,-21.11
135,17252.558824,0.0217,33.0,17252.558824,0.0207,33.0,17252.558824,0.0361,33.0,17252.558824,0.0232,33.0,4.59,-66.95,-6.95
136,24498.183824,0.0199,7.0,24498.183824,0.0205,7.0,24498.183824,0.0236,7.0,24498.183824,0.0223,7.0,-3.02,-18.42,-12.17
137,23024.422794,0.0213,29.0,23024.422794,0.0213,29.0,23024.422794,0.0268,29.0,23024.422794,0.0240,29.0,0.19,-25.86,-12.58
138,23517.797794,0.0243,3.0,23517.797794,0.0216,3.0,23517.797794,0.0361,3.0,23517.797794,0.0225,3.0,11.43,-48.49,7.53
139,26826.948529,0.0235,32.0,26826.948529,0.0213,32.0,26826.948529,0.0219,32.0,26826.948529,0.0220,32.0,9.45,6.96,6.29
140,38235.408088,0.0195,28.0,38235.408088,0.0189,28.0,38235.408088,0.0230,28.0,38235.408088,0.0241,28.0,3.07,-17.46,-23.37
141,31576.224265,0.0201,33.0,31576.224265,0.0205,33.0,31576.224265,0.0222,33.0,31576.224265,0.0215,33.0,-2.07,-10.56,-7.03
142,24488.606618,0.0265,39.0,24488.606618,0.0204,39.0,24488.606618,0.0235,39.0,24488.606618,0.0229,39.0,23.00,11.38,13.64
143,11354.522059,0.0208,32.0,11354.522059,0.0204,32.0,11354.522059,0.0229,32.0,11354.522059,0.0232,32.0,1.60,-10.35,-11.81
144,20646.882353,0.0228,33.0,20646.882353,0.0198,33.0,20646.882353,0.0265,33.0,20646.882353,0.0276,33.0,12.95,-16.27,-21.16
145,33057.062500,0.0276,6.0,33057.062500,0.0199,6.0,33057.062500,0.0233,6.0,33057.062500,0.0214,6.0,27.92,15.42,22.34
146,15558.154412,0.0215,40.0,15558.154412,0.0220,40.0,15558.154412,0.0300,40.0,15558.154412,0.0229,40.0,-2.49,-39.42,-6.49
147,8376.091912,0.0216,31.0,8376.091912,0.0207,31.0,8376.091912,0.0218,31.0,8376.091912,0.0232,31.0,4.44,-0.68,-7.15
148,9718.397059,0.0209,17.0,9718.397059,0.0186,17.0,9718.397059,0.0216,17.0,9718.397059,0.0207,17.0,10.84,-3.46,0.61
149,5876.268382,0.0199,31.0,5876.268382,0.0190,31.0,5876.268382,0.0206,31.0,5876.268382,0.0351,31.0,4.72,-3.56,-76.33
150,19881.301471,0.0188,2.0,19881.301471,0.0214,2.0,19881.301471,0.0217,2.0,19881.301471,0.0234,2.0,-13.61,-15.14,-24.42
151,4942.257353,0.0199,25.0,4942.257353,0.0188,25.0,4942.257353,0.0252,25.0,4942.257353,0.0202,25.0,5.74,-26.22,-1.52
152,31864.290441,0.0218,6.0,31864.290441,0.0198,6.0,31864.290441,0.0224,6.0,31864.290441,0.0231,6.0,9.05,-3.05,-6.09
153,20209.382353,0.0270,4.0,20209.382353,0.0200,4.0,20209.382353,0.0223,4.0,20209.382353,0.0214,4.0,26.05,17.50,20.77
154,36430.746324,0.0193,6.0,36430.746324,0.0218,6.0,36430.746324,0.0245,6.0,36430.746324,0.0229,6.0,-12.88,-26.74,-18.66
155,1471.044118,0.0212,8.0,1471.044118,0.0179,8.0,1471.044118,0.0236,8.0,1471.044118,0.0351,8.0,15.54,-11.42,-66.06
156,26390.378676,0.0212,2.0,26390.378676,0.0212,2.0,26390.378676,0.0273,2.0,26390.378676,0.0225,2.0,-0.03,-29.28,-6.34
157,2613.738971,0.0200,27.0,2613.738971,0.0202,27.0,2613.738971,0.0259,27.0,2613.738971,0.0223,27.0,-1.11,-29.52,-11.57
158,35849.301471,0.0223,6.0,35849.301471,0.0200,6.0,35849.301471,0.0236,6.0,35849.301471,0.0234,6.0,10.40,-5.66,-4.88
159,72704.540441,0.0216,7.0,72704.540441,0.0220,7.0,72704.540441,0.0243,7.0,72704.540441,0.0206,7.0,-1.77,-12.49,4.39
160,4014.805147,0.0199,30.0,4014.805147,0.0204,30.0,4014.805147,0.0255,30.0,4014.805147,0.0244,30.0,-2.39,-28.22,-22.76
161,8027.205882,0.0224,7.0,8027.205882,0.0213,7.0,8027.205882,0.0229,7.0,8027.205882,0.0215,7.0,4.72,-2.10,3.93
162,23018.073529,0.0265,2.0,23018.073529,0.0212,2.0,23018.073529,0.0242,2.0,23018.073529,0.0227,2.0,20.06,8.82,14.31
163,5834.845588,0.0190,19.0,5834.845588,0.0200,19.0,5834.845588,0.0219,19.0,5834.845588,0.0222,19.0,-4.84,-14.95,-16.66
164,21751.882353,0.0268,2.0,21751.882353,0.0225,2.0,21751.882353,0.0223,2.0,21751.882353,0.0229,2.0,16.33,16.86,14.57
165,6239.128676,0.0217,28.0,6239.128676,0.0209,28.0,6239.128676,0.0296,28.0,6239.128676,0.0214,28.0,3.72,-36.06,1.61
166,14266.113971,0.0262,2.0,14266.113971,0.0208,2.0,14266.113971,0.0255,2.0,14266.113971,0.0215,2.0,20.57,2.80,17.92
167,6836.316176,0.0204,36.0,6836.316176,0.0204,36.0,6836.316176,0.0262,36.0,6836.316176,0.0223,36.0,0.00,-28.30,-9.37
168,24834.944853,0.0199,32.0,24834.944853,0.0220,32.0,24834.944853,0.0248,32.0,24834.944853,0.0239,32.0,-10.67,-24.72,-20.48
169,10476.272059,0.0199,6.0,10476.272059,0.0215,6.0,10476.272059,0.0231,6.0,10476.272059,0.0223,6.0,-8.13,-16.16,-12.37
170,66483.272059,0.0226,18.0,66483.272059,0.0226,18.0,66483.272059,0.0217,18.0,66483.272059,0.0222,18.0,-0.14,3.91,1.65
171,5266.106618,0.0207,38.0,5266.106618,0.0270,38.0,5266.106618,0.0243,38.0,5266.106618,0.0234,38.0,-30.54,-17.41,-13.08
172,37437.477941,0.0222,17.0,37437.477941,0.0227,17.0,37437.477941,0.0251,17.0,37437.477941,0.0271,17.0,-2.14,-13.04,-21.78
173,15905.665441,0.0193,35.0,15905.665441,0.0224,35.0,15905.665441,0.0225,35.0,15905.665441,0.0232,35.0,-15.83,-16.53,-19.93
174,50499.783088,0.0199,36.0,50499.783088,0.0198,36.0,50499.783088,0.0303,36.0,50499.783088,0.0233,36.0,0.50,-52.27,-17.14
175,38864.062500,0.0214,16.0,38864.062500,0.0235,16.0,38864.062500,0.0215,16.0,38864.062500,0.0214,16.0,-9.79,-0.76,0.02
176,40515.250000,0.0240,36.0,40515.250000,0.0212,36.0,40515.250000,0.0239,36.0,40515.250000,0.0244,36.0,11.66,0.23,-1.68
177,5468.691176,0.0201,27.0,5468.691176,0.0208,27.0,5468.691176,0.0208,27.0,5468.691176,0.0382,27.0,-3.15,-3.10,-89.67
178,26956.966912,0.0236,2.0,26956.966912,0.0319,2.0,26956.966912,0.0218,2.0,26956.966912,0.0231,2.0,-34.94,7.76,2.20
179,27019.125000,0.0229,2.0,27019.125000,0.0263,2.0,27019.125000,0.0220,2.0,27019.125000,0.0237,2.0,-14.72,4.03,-3.09
180,76165.441176,0.0254,29.0,76165.441176,0.0303,29.0,76165.441176,0.0228,29.0,76165.441176,0.0303,29.0,-19.48,10.05,-19.31
181,48607.588235,0.0252,35.0,48607.588235,0.0229,35.0,48607.588235,0.0231,35.0,48607.588235,0.0226,35.0,8.90,8.03,10.19
182,39249.110294,0.0238,37.0,39249.110294,0.0237,37.0,39249.110294,0.0214,37.0,39249.110294,0.0226,37.0,0.28,10.07,5.22
183,29541.988971,0.0206,6.0,29541.988971,0.0288,6.0,29541.988971,0.0212,6.0,29541.988971,0.0195,6.0,-39.64,-2.85,5.59
184,15057.224265,0.0195,24.0,15057.224265,0.0193,24.0,15057.224265,0.0216,24.0,15057.224265,0.0219,24.0,1.03,-10.75,-12.45
185,9968.823529,0.0197,26.0,9968.823529,0.0217,26.0,9968.823529,0.0255,26.0,9968.823529,0.0224,26.0,-9.90,-29.02,-13.64
186,6636.455882,0.0239,26.0,6636.455882,0.0249,26.0,6636.455882,0.0242,26.0,6636.455882,0.0227,26.0,-4.24,-1.01,4.97
187,11356.227941,0.0256,27.0,11356.227941,0.0220,27.0,11356.227941,0.0303,27.0,11356.227941,0.0230,27.0,13.90,-18.53,9.99
188,22438.665441,0.0191,21.0,22438.665441,0.0276,21.0,22438.665441,0.0218,21.0,22438.665441,0.0217,21.0,-44.10,-13.82,-13.15
189,72401.147059,0.0205,25.0,72401.147059,0.0230,25.0,72401.147059,0.0228,25.0,72401.147059,0.0222,25.0,-12.13,-10.82,-7.95
190,56137.488971,0.0231,30.0,56137.488971,0.0225,30.0,56137.488971,0.0255,30.0,56137.488971,0.0220,30.0,2.64,-10.54,4.52
191,15014.974265,0.0191,6.0,15014.974265,0.0203,6.0,15014.974265,0.0197,6.0,15014.974265,0.0237,6.0,-6.47,-3.23,-24.32
192,131157.786765,0.0231,16.0,131157.786765,0.0214,16.0,131157.786765,0.0227,16.0,131157.786765,0.0236,16.0,7.67,1.79,-2.12
193,4391.386029,0.0282,30.0,4391.386029,0.0204,30.0,4391.386029,0.0204,30.0,4391.386029,0.0230,30.0,27.84,27.84,18.41
194,21844.948529,0.0218,39.0,21844.948529,0.0235,39.0,21844.948529,0.0229,39.0,21844.948529,0.0230,39.0,-7.87,-5.05,-5.77
195,4042.779412,0.0273,30.0,4042.779412,0.0219,30.0,4042.779412,0.0258,30.0,4042.779412,0.0237,30.0,19.55,5.49,13.13
196,11731.389706,0.0201,25.0,11731.389706,0.0204,25.0,11731.389706,0.0228,25.0,11731.389706,0.0215,25.0,-1.21,-13.26,-7.10
197,4189.992647,0.0204,19.0,4189.992647,0.0256,19.0,4189.992647,0.0231,19.0,4189.992647,0.0227,19.0,-25.45,-13.18,-11.41
198,21481.275735,0.0231,40.0,21481.275735,0.0260,40.0,21481.275735,0.0212,40.0,21481.275735,0.0247,40.0,-12.60,7.94,-6.81
199,5521.926471,0.0207,31.0,5521.926471,0.0294,31.0,5521.926471,0.0225,31.0,5521.926471,0.0262,31.0,-41.64,-8.30,-26.17
200,2795.797794,0.0202,6.0,2795.797794,0.0215,6.0,2795.797794,0.0233,6.0,2795.797794,0.0290,6.0,-6.28,-14.84,-43.44
201,3870.224265,0.0217,6.0,3870.224265,0.0220,6.0,3870.224265,0.0216,6.0,3870.224265,0.0225,6.0,-1.64,0.21,-3.90
202,13356.485294,0.0218,2.0,13356.485294,0.0208,2.0,13356.485294,0.0223,2.0,13356.485294,0.0224,2.0,4.58,-2.22,-2.49
203,13057.011029,0.0207,32.0,13057.011029,0.0228,32.0,13057.011029,0.0247,32.0,13057.011029,0.0224,32.0,-10.16,-19.08,-8.34
204,12971.448529,0.0190,31.0,12971.448529,0.0221,31.0,12971.448529,0.0228,31.0,12971.448529,0.0231,31.0,-16.41,-20.12,-21.37
205,28342.555147,0.0202,19.0,28342.555147,0.0216,19.0,28342.555147,0.0225,19.0,28342.555147,0.0329,19.0,-7.19,-11.46,-62.96
206,14394.555147,0.0187,6.0,14394.555147,0.0201,6.0,14394.555147,0.0232,6.0,14394.555147,0.0226,6.0,-7.49,-24.39,-20.85
207,21549.268382,0.0238,46.0,21549.268382,0.0225,46.0,21549.268382,0.0246,46.0,21549.268382,0.0275,46.0,5.26,-3.21,-15.71
208,2622.198529,0.0205,26.0,2622.198529,0.0201,26.0,2622.198529,0.0222,26.0,2622.198529,0.0305,26.0,2.02,-8.43,-48.77
209,11455.286765,0.0193,8.0,11455.286765,0.0218,8.0,11455.286765,0.0258,8.0,11455.286765,0.0308,8.0,-12.85,-33.55,-59.50
210,19529.875000,0.0186,20.0,19529.875000,0.0214,20.0,19529.875000,0.0246,20.0,19529.875000,0.0279,20.0,-15.08,-32.40,-50.18
211,31478.705882,0.0214,18.0,31478.705882,0.0262,18.0,31478.705882,0.0226,18.0,31478.705882,0.0217,18.0,-22.53,-5.63,-1.77
212,72512.966912,0.0209,22.0,72512.966912,0.0231,22.0,72512.966912,0.0215,22.0,72512.966912,0.0326,22.0,-10.42,-2.92,-55.68
213,37844.110294,0.0196,26.0,37844.110294,0.0226,26.0,37844.110294,0.0212,26.0,37844.110294,0.0231,26.0,-15.58,-8.23,-18.13
214,44185.205882,0.0210,40.0,44185.205882,0.0198,40.0,44185.205882,0.0230,40.0,44185.205882,0.0248,40.0,5.62,-9.55,-18.48
215,2025.448529,0.0211,6.0,2025.448529,0.0211,6.0,2025.448529,0.0223,6.0,2025.448529,0.0253,6.0,0.21,-5.38,-20.00
216,13555.882353,0.0207,32.0,13555.882353,0.0268,32.0,13555.882353,0.0221,32.0,13555.882353,0.0248,32.0,-29.43,-6.81,-20.15
217,16741.783088,0.0218,31.0,16741.783088,0.0256,31.0,16741.783088,0.0252,31.0,16741.783088,0.0258,31.0,-17.50,-15.50,-18.23
218,29176.738971,0.0191,20.0,29176.738971,0.0187,20.0,29176.738971,0.0225,20.0,29176.738971,0.0296,20.0,2.19,-17.72,-55.18
219,15032.683824,0.0217,24.0,15032.683824,0.0195,24.0,15032.683824,0.0217,24.0,15032.683824,0.0265,24.0,10.25,-0.14,-22.05
220,1634.375000,0.0197,11.0,1634.375000,0.0190,11.0,1634.375000,0.0238,11.0,1634.375000,0.0259,11.0,3.77,-20.72,-31.32
221,27574.220588,0.0212,20.0,27574.220588,0.0195,20.0,27574.220588,0.0258,20.0,27574.220588,0.0327,20.0,8.08,-22.01,-54.61
222,3036.393382,0.0207,8.0,3036.393382,0.0185,8.0,3036.393382,0.0242,8.0,3036.393382,0.0272,8.0,10.75,-16.66,-31.37
223,5536.209559,0.0219,7.0,5536.209559,0.0200,7.0,5536.209559,0.0221,7.0,5536.209559,0.0320,7.0,8.69,-0.67,-46.13
224,20425.352941,0.0264,20.0,20425.352941,0.0219,20.0,20425.352941,0.0235,20.0,20425.352941,0.0231,20.0,17.21,11.17,12.77
225,45975.007353,0.0219,24.0,45975.007353,0.0241,24.0,45975.007353,0.0241,24.0,45975.007353,0.0234,24.0,-9.75,-10.14,-6.75
226,34525.621324,0.0243,19.0,34525.621324,0.0299,19.0,34525.621324,0.0227,19.0,34525.621324,0.0235,19.0,-22.86,6.90,3.24
227,49430.783088,0.0272,25.0,49430.783088,0.0230,25.0,49430.783088,0.0245,25.0,49430.783088,0.0269,25.0,15.44,10.17,1.36
228,25948.194853,0.0283,6.0,25948.194853,0.0202,6.0,25948.194853,0.0217,6.0,25948.194853,0.0297,6.0,28.56,23.23,-4.93
229,4949.025735,0.0236,32.0,4949.025735,0.0203,32.0,4949.025735,0.0241,32.0,4949.025735,0.0270,32.0,13.98,-2.35,-14.43
230,19846.580882,0.0213,2.0,19846.580882,0.0226,2.0,19846.580882,0.0231,2.0,19846.580882,0.0311,2.0,-6.10,-8.67,-46.43
231,9347.338235,0.0198,13.0,9347.338235,0.0256,13.0,9347.338235,0.0223,13.0,9347.338235,0.0226,13.0,-28.99,-12.50,-13.94
232,76402.224265,0.0220,31.0,76402.224265,0.0208,31.0,76402.224265,0.0256,31.0,76402.224265,0.0252,31.0,5.37,-16.51,-14.79
233,90241.415441,0.0230,4.0,90241.415441,0.0226,4.0,90241.415441,0.0342,4.0,90241.415441,0.0304,4.0,1.82,-48.64,-32.46
234,16192.529412,0.0207,35.0,16192.529412,0.0218,35.0,16192.529412,0.0251,35.0,16192.529412,0.0236,35.0,-5.45,-21.69,-14.22
235,40897.908088,0.0233,6.0,40897.908088,0.0221,6.0,40897.908088,0.0227,6.0,40897.908088,0.0313,6.0,5.32,2.56,-34.48
236,3102.731618,0.0198,29.0,3102.731618,0.0226,29.0,3102.731618,0.0237,29.0,3102.731618,0.0247,29.0,-13.92,-19.53,-24.68
237,884.834559,0.0201,51.0,884.834559,0.0213,51.0,884.834559,0.0278,51.0,884.834559,0.0247,51.0,-5.65,-38.13,-22.95
238,120548.794118,0.0202,4.0,120548.794118,0.0214,4.0,120548.794118,0.0268,4.0,120548.794118,0.0307,4.0,-5.64,-32.29,-51.62
239,3947.084559,0.0219,45.0,3947.084559,0.0202,45.0,3947.084559,0.0221,45.0,3947.084559,0.0244,45.0,7.79,-1.03,-11.15
240,2603.312500,0.0210,30.0,2603.312500,0.0222,30.0,2603.312500,0.0296,30.0,2603.312500,0.0218,30.0,-5.68,-41.00,-4.14
241,29002.058824,0.0211,20.0,29002.058824,0.0205,20.0,29002.058824,0.0239,20.0,29002.058824,0.0231,20.0,3.18,-13.32,-9.32
242,7533.500000,0.0204,24.0,7533.500000,0.0208,24.0,7533.500000,0.0223,24.0,7533.500000,0.0254,24.0,-2.04,-9.24,-24.47
243,14512.522059,0.0204,11.0,14512.522059,0.0232,11.0,14512.522059,0.0274,11.0,14512.522059,0.0241,11.0,-14.11,-34.54,-18.45
244,4014.161765,0.0205,18.0,4014.161765,0.0200,18.0,4014.161765,0.0213,18.0,4014.161765,0.0241,18.0,2.33,-3.93,-17.95
245,4253.562500,0.0207,19.0,4253.562500,0.0206,19.0,4253.562500,0.0204,19.0,4253.562500,0.0231,19.0,0.11,1.39,-12.08
246,30680.639706,0.0228,18.0,30680.639706,0.0227,18.0,30680.639706,0.0213,18.0,30680.639706,0.0243,18.0,0.08,6.28,-6.60
247,114213.367647,0.0194,21.0,114213.367647,0.0208,21.0,114213.367647,0.0222,21.0,114213.367647,0.0236,21.0,-7.02,-14.25,-21.92
248,1523.731618,0.0228,5.0,1523.731618,0.0223,5.0,1523.731618,0.0227,5.0,1523.731618,0.0261,5.0,2.08,0.27,-14.42
249,2476.360294,0.0222,13.0,2476.360294,0.0204,13.0,2476.360294,0.0204,13.0,2476.360294,0.0210,13.0,7.89,8.22,5.20
250,28851.801471,0.0193,23.0,28851.801471,0.0198,23.0,28851.801471,0.0221,23.0,28851.801471,0.0220,23.0,-2.47,-14.67,-14.04
251,133517.654412,0.0223,5.0,133517.654412,0.0215,5.0,133517.654412,0.0202,5.0,133517.654412,0.0247,5.0,3.64,9.45,-10.78
252,3657.246324,0.0265,18.0,3657.246324,0.0198,18.0,3657.246324,0.0200,18.0,3657.246324,0.0266,18.0,25.36,24.45,-0.41
253,3027.856618,0.0203,18.0,3027.856618,0.0193,18.0,3027.856618,0.0220,18.0,3027.856618,0.0244,18.0,5.10,-8.38,-19.90
254,1959.136029,0.0222,18.0,1959.136029,0.0195,18.0,1959.136029,0.0218,18.0,1959.136029,0.0282,18.0,12.02,1.86,-26.83
255,20320.790441,0.0199,15.0,20320.790441,0.0213,15.0,20320.790441,0.0205,15.0,20320.790441,0.0223,15.0,-7.17,-3.49,-12.33
256,4267.636029,0.0356,15.0,4267.636029,0.0209,15.0,4267.636029,0.0247,15.0,4267.636029,0.0225,15.0,41.26,30.78,36.86
257,25381.352941,0.0204,15.0,25381.352941,0.0218,15.0,25381.352941,0.0222,15.0,25381.352941,0.0259,15.0,-6.72,-8.77,-26.58
258,26172.393382,0.0211,6.0,26172.393382,0.0274,6.0,26172.393382,0.0206,6.0,26172.393382,0.0234,6.0,-29.94,2.00,-11.27
259,11523.360294,0.0229,17.0,11523.360294,0.0225,17.0,11523.360294,0.0205,17.0,11523.360294,0.0276,17.0,1.59,10.66,-20.77
260,2884.988971,0.0249,43.0,2884.988971,0.0245,43.0,2884.988971,0.0224,43.0,2884.988971,0.0309,43.0,1.96,10.01,-23.98
261,10164.904412,0.0214,6.0,10164.904412,0.0219,6.0,10164.904412,0.0234,6.0,10164.904412,0.0227,6.0,-2.38,-9.42,-6.06
262,4471.735294,0.0259,29.0,4471.735294,0.0232,29.0,4471.735294,0.0206,29.0,4471.735294,0.0204,29.0,10.51,20.72,21.48
263,12826.327206,0.0197,19.0,12826.327206,0.0242,19.0,12826.327206,0.0229,19.0,12826.327206,0.0231,19.0,-23.30,-16.32,-17.25
264,119286.709559,0.0229,23.0,119286.709559,0.0250,23.0,119286.709559,0.0246,23.0,119286.709559,0.0234,23.0,-9.38,-7.60,-2.44
265,4281.341912,0.0200,8.0,4281.341912,0.0196,8.0,4281.341912,0.0202,8.0,4281.341912,0.0240,8.0,2.01,-0.97,-20.22
266,19592.198529,0.0195,38.0,19592.198529,0.0215,38.0,19592.198529,0.0231,38.0,19592.198529,0.0245,38.0,-10.03,-18.14,-25.60
267,25385.573529,0.0216,41.0,25385.573529,0.0203,41.0,25385.573529,0.0219,41.0,25385.573529,0.0270,41.0,5.84,-1.39,-24.91
268,4713.253676,0.0206,40.0,4713.253676,0.0225,40.0,4713.253676,0.0225,40.0,4713.253676,0.0218,40.0,-9.14,-9.20,-5.67
269,934.290441,0.0199,27.0,934.290441,0.0231,27.0,934.290441,0.0208,27.0,934.290441,0.0229,27.0,-15.76,-4.35,-14.76
270,714.080882,0.0184,25.0,714.080882,0.0206,25.0,714.080882,0.0212,25.0,714.080882,0.0220,25.0,-12.24,-15.33,-19.64
271,29646.279412,0.0295,38.0,29646.279412,0.0199,38.0,29646.279412,0.0221,38.0,29646.279412,0.0248,38.0,32.61,25.11,15.87
272,12379.099265,0.0266,21.0,12379.099265,0.0297,21.0,12379.099265,0.0214,21.0,12379.099265,0.0211,21.0,-11.77,19.36,20.53
273,12853.775735,0.0220,19.0,12853.775735,0.0273,19.0,12853.775735,0.0226,19.0,12853.775735,0.0224,19.0,-24.20,-3.01,-1.82
274,28139.904412,0.0200,16.0,28139.904412,0.0367,16.0,28139.904412,0.0225,16.0,28139.904412,0.0238,16.0,-83.88,-12.39,-18.90
275,20195.970588,0.0208,5.0,20195.970588,0.0196,5.0,20195.970588,0.0231,5.0,20195.970588,0.0231,5.0,5.81,-11.41,-11.28
276,29227.525735,0.0226,2.0,29227.525735,0.0211,2.0,29227.525735,0.0222,2.0,29227.525735,0.0236,2.0,6.55,1.60,-4.65
277,5344.323529,0.0213,15.0,5344.323529,0.0209,15.0,5344.323529,0.0230,15.0,5344.323529,0.0236,15.0,1.99,-7.81,-10.62
278,5020.040441,0.0292,6.0,5020.040441,0.0196,6.0,5020.040441,0.0220,6.0,5020.040441,0.0240,6.0,32.72,24.49,17.65
279,11265.481618,0.0252,42.0,11265.481618,0.0315,42.0,11265.481618,0.0229,42.0,11265.481618,0.0219,42.0,-25.12,8.94,12.77
280,4474.066176,0.0212,8.0,4474.066176,0.0205,8.0,4474.066176,0.0218,8.0,4474.066176,0.0222,8.0,3.36,-3.05,-4.81
281,30487.904412,0.0247,16.0,30487.904412,0.0236,16.0,30487.904412,0.0224,16.0,30487.904412,0.0216,16.0,4.14,9.26,12.29
282,44886.772059,0.0370,25.0,44886.772059,0.0283,25.0,44886.772059,0.0229,25.0,44886.772059,0.0203,25.0,23.58,38.18,45.21
283,15955.341912,0.0298,36.0,15955.341912,0.0226,36.0,15955.341912,0.0232,36.0,15955.341912,0.0237,36.0,24.26,22.18,20.48
284,26770.345588,0.0287,18.0,26770.345588,0.0200,18.0,26770.345588,0.0225,18.0,26770.345588,0.0218,18.0,30.20,21.67,23.96
285,6778.183824,0.0297,35.0,6778.183824,0.0268,35.0,6778.183824,0.0224,35.0,6778.183824,0.0251,35.0,9.79,24.75,15.56
286,2791.963235,0.0294,30.0,2791.963235,0.0266,30.0,2791.963235,0.0239,30.0,2791.963235,0.0233,30.0,9.54,18.81,20.66
287,24108.172794,0.0263,20.0,24108.172794,0.0235,20.0,24108.172794,0.0222,20.0,24108.172794,0.0261,20.0,10.76,15.40,0.68
288,5146.360294,0.0235,33.0,5146.360294,0.0260,33.0,5146.360294,0.0237,33.0,5146.360294,0.0206,33.0,-10.46,-0.80,12.56
289,3550.400735,0.0221,17.0,3550.400735,0.0208,17.0,3550.400735,0.0206,17.0,3550.400735,0.0220,17.0,5.56,6.65,0.42
290,2897.235294,0.0220,29.0,2897.235294,0.0234,29.0,2897.235294,0.0224,29.0,2897.235294,0.0227,29.0,-6.13,-1.82,-2.94
291,2213.709559,0.0220,28.0,2213.709559,0.0292,28.0,2213.709559,0.0215,28.0,2213.709559,0.0230,28.0,-32.72,2.44,-4.75
292,2050.845588,0.0213,32.0,2050.845588,0.0239,32.0,2050.845588,0.0238,32.0,2050.845588,0.0218,32.0,-12.22,-11.33,-1.95
293,1326.143382,0.0210,8.0,1326.143382,0.0238,8.0,1326.143382,0.0214,8.0,1326.143382,0.0219,8.0,-13.71,-1.88,-4.32
294,2022.875000,0.0221,5.0,2022.875000,0.0219,5.0,2022.875000,0.0225,5.0,2022.875000,0.0243,5.0,0.57,-1.88,-10.00
295,14702.900735,0.0188,25.0,14702.900735,0.0229,25.0,14702.900735,0.0224,25.0,14702.900735,0.0221,25.0,-21.89,-19.41,-17.60
296,4270.933824,0.0230,37.0,4270.933824,0.0228,37.0,4270.933824,0.0248,37.0,4270.933824,0.0220,37.0,0.61,-8.03,4.23
297,69846.290441,0.0228,35.0,69846.290441,0.0243,35.0,69846.290441,0.0230,35.0,69846.290441,0.0271,35.0,-6.59,-0.83,-18.65
298,23881.389706,0.0272,20.0,23881.389706,0.0229,20.0,23881.389706,0.0205,20.0,23881.389706,0.0224,20.0,15.74,24.81,17.64
299,24661.658088,0.0207,18.0,24661.658088,0.0235,18.0,24661.658088,0.0232,18.0,24661.658088,0.0214,18.0,-13.80,-12.39,-3.51
300,25666.099265,0.0294,2.0,25666.099265,0.0238,2.0,25666.099265,0.0231,2.0,25666.099265,0.0217,2.0,19.24,21.38,26.31
301,2084.169118,0.0272,39.0,2084.169118,0.0212,39.0,2084.169118,0.0218,39.0,2084.169118,0.0221,39.0,22.11,19.59,18.61
302,30534.838235,0.0304,6.0,30534.838235,0.0249,6.0,30534.838235,0.0216,6.0,30534.838235,0.0234,6.0,18.18,29.01,23.20
303,1608.084559,0.0226,10.0,1608.084559,0.0209,10.0,1608.084559,0.0348,10.0,1608.084559,0.0226,10.0,7.48,-53.79,0.01
304,26724.113971,0.0238,5.0,26724.113971,0.0265,5.0,26724.113971,0.0217,5.0,26724.113971,0.0217,5.0,-11.50,8.89,8.54
305,37513.216912,0.0233,6.0,37513.216912,0.0220,6.0,37513.216912,0.0215,6.0,37513.216912,0.0202,6.0,5.42,7.86,13.35
306,1596.908088,0.0244,9.0,1596.908088,0.0221,9.0,1596.908088,0.0217,9.0,1596.908088,0.0223,9.0,9.32,10.95,8.77
307,1969.378676,0.0249,28.0,1969.378676,0.0197,28.0,1969.378676,0.0218,28.0,1969.378676,0.0229,28.0,20.90,12.35,8.09
308,3385.661765,0.0232,29.0,3385.661765,0.0230,29.0,3385.661765,0.0221,29.0,3385.661765,0.0251,29.0,1.07,4.66,-8.22
309,5332.919118,0.0214,32.0,5332.919118,0.0259,32.0,5332.919118,0.0234,32.0,5332.919118,0.0229,32.0,-20.88,-9.04,-6.98
310,15480.694853,0.0239,24.0,15480.694853,0.0244,24.0,15480.694853,0.0246,24.0,15480.694853,0.0234,24.0,-1.78,-2.52,2.11
311,919.698529,0.0206,36.0,919.698529,0.0272,36.0,919.698529,0.0251,36.0,919.698529,0.0224,36.0,-31.82,-21.85,-8.44
312,4104.474265,0.0235,6.0,4104.474265,0.0234,6.0,4104.474265,0.0277,6.0,4104.474265,0.0233,6.0,0.37,-17.83,1.08
313,4153.455882,0.0192,7.0,4153.455882,0.0240,7.0,4153.455882,0.0231,7.0,4153.455882,0.0229,7.0,-25.14,-20.47,-19.61
314,27719.069853,0.0213,20.0,27719.069853,0.0247,20.0,27719.069853,0.0267,20.0,27719.069853,0.0210,20.0,-16.11,-25.56,1.53
315,7921.830882,0.0201,44.0,7921.830882,0.0259,44.0,7921.830882,0.0237,44.0,7921.830882,0.0238,44.0,-29.04,-18.31,-18.53
316,14699.158088,0.0225,2.0,14699.158088,0.0265,2.0,14699.158088,0.0227,2.0,14699.158088,0.0289,2.0,-18.00,-1.20,-28.58
317,46324.117647,0.0221,26.0,46324.117647,0.0294,26.0,46324.117647,0.0242,26.0,46324.117647,0.0216,26.0,-33.27,-9.47,2.29
318,10904.621324,0.0207,7.0,10904.621324,0.0266,7.0,10904.621324,0.0227,7.0,10904.621324,0.0251,7.0,-28.66,-9.90,-21.14
319,7794.625000,0.0229,7.0,7794.625000,0.0268,7.0,7794.625000,0.0241,7.0,7794.625000,0.0207,7.0,-16.97,-5.13,9.67
320,9317.330882,0.0223,33.0,9317.330882,0.0299,33.0,9317.330882,0.0251,33.0,9317.330882,0.0231,33.0,-34.19,-12.66,-3.80
321,22088.069853,0.0195,7.0,22088.069853,0.0235,7.0,22088.069853,0.0225,7.0,22088.069853,0.0208,7.0,-20.39,-15.14,-6.53
322,24228.294118,0.0224,19.0,24228.294118,0.0327,19.0,24228.294118,0.0219,19.0,24228.294118,0.0228,19.0,-46.05,2.15,-1.85
323,23380.992647,0.0210,8.0,23380.992647,0.0230,8.0,23380.992647,0.0250,8.0,23380.992647,0.0222,8.0,-9.29,-19.10,-5.88
324,27101.731618,0.0217,2.0,27101.731618,0.0256,2.0,27101.731618,0.0218,2.0,27101.731618,0.0205,2.0,-17.92,-0.42,5.67
325,135789.014706,0.0278,21.0,135789.014706,0.0247,21.0,135789.014706,0.0266,21.0,135789.014706,0.0213,21.0,11.03,4.29,23.25
326,18965.992647,0.0287,29.0,18965.992647,0.0240,29.0,18965.992647,0.0227,29.0,18965.992647,0.0202,29.0,16.24,21.00,29.55
327,12616.106618,0.0314,7.0,12616.106618,0.0283,7.0,12616.106618,0.0218,7.0,12616.106618,0.0203,7.0,10.01,30.66,35.46
328,20515.477941,0.0229,2.0,20515.477941,0.0284,2.0,20515.477941,0.0236,2.0,20515.477941,0.0251,2.0,-24.03,-2.84,-9.72
329,17582.525735,0.0215,2.0,17582.525735,0.0267,2.0,17582.525735,0.0240,2.0,17582.525735,0.0239,2.0,-23.73,-11.31,-10.93
330,9944.382353,0.0225,7.0,9944.382353,0.0229,7.0,9944.382353,0.0216,7.0,9944.382353,0.0225,7.0,-1.75,3.96,0.06
331,10574.547794,0.0204,7.0,10574.547794,0.0256,7.0,10574.547794,0.0210,7.0,10574.547794,0.0304,7.0,-25.18,-2.64,-48.68
332,26530.209559,0.0253,15.0,26530.209559,0.0378,15.0,26530.209559,0.0227,15.0,26530.209559,0.0257,15.0,-49.61,9.99,-1.87
333,22869.444853,0.0309,2.0,22869.444853,0.0246,2.0,22869.444853,0.0218,2.0,22869.444853,0.0227,2.0,20.55,29.45,26.45
334,18224.683824,0.0217,6.0,18224.683824,0.0345,6.0,18224.683824,0.0272,6.0,18224.683824,0.0211,6.0,-59.26,-25.56,2.62
335,2278.845588,0.0253,37.0,2278.845588,0.0295,37.0,2278.845588,0.0230,37.0,2278.845588,0.0212,37.0,-16.42,9.30,16.25
336,12462.698529,0.0201,28.0,12462.698529,0.0217,28.0,12462.698529,0.0239,28.0,12462.698529,0.0234,28.0,-7.53,-18.74,-16.04
337,8589.238971,0.0264,22.0,8589.238971,0.0235,22.0,8589.238971,0.0213,22.0,8589.238971,0.0228,22.0,10.97,19.07,13.44
338,33894.220588,0.0189,5.0,33894.220588,0.0280,5.0,33894.220588,0.0228,5.0,33894.220588,0.0203,5.0,-47.87,-20.64,-7.46
339,8007.279412,0.0208,7.0,8007.279412,0.0243,7.0,8007.279412,0.0238,7.0,8007.279412,0.0240,7.0,-17.06,-14.51,-15.40
340,1570.919118,0.0191,5.0,1570.919118,0.0224,5.0,1570.919118,0.0223,5.0,1570.919118,0.0295,5.0,-16.86,-16.32,-54.39
341,8390.959559,0.0209,6.0,8390.959559,0.0442,6.0,8390.959559,0.0237,6.0,8390.959559,0.0238,6.0,-111.73,-13.52,-13.69
342,25594.224265,0.0244,16.0,25594.224265,0.0252,16.0,25594.224265,0.0241,16.0,25594.224265,0.0232,16.0,-3.66,1.16,4.60
343,69894.544118,0.0287,60.0,69894.544118,0.0296,60.0,69894.544118,0.0217,60.0,69894.544118,0.0242,60.0,-3.38,24.44,15.49
344,1013.746324,0.0206,5.0,1013.746324,0.0236,5.0,1013.746324,0.0280,5.0,1013.746324,0.0214,5.0,-14.71,-35.96,-4.17
345,38143.536765,0.0203,6.0,38143.536765,0.0241,6.0,38143.536765,0.0218,6.0,38143.536765,0.0202,6.0,-19.04,-7.50,0.40
346,11795.205882,0.0286,19.0,11795.205882,0.0271,19.0,11795.205882,0.0204,19.0,11795.205882,0.0233,19.0,5.39,28.56,18.59
347,2000.477941,0.0309,34.0,2000.477941,0.0234,34.0,2000.477941,0.0209,34.0,2000.477941,0.0213,34.0,24.16,32.35,31.02
348,2190.227941,0.0289,28.0,2190.227941,0.0275,28.0,2190.227941,0.0221,28.0,2190.227941,0.0218,28.0,5.17,23.59,24.81
349,5983.849265,0.0231,15.0,5983.849265,0.0263,15.0,5983.849265,0.0228,15.0,5983.849265,0.0201,15.0,-14.03,1.28,12.74
350,15814.044118,0.0278,2.0,15814.044118,0.0257,2.0,15814.044118,0.0236,2.0,15814.044118,0.0222,2.0,7.77,15.10,20.36
351,22562.812500,0.0199,7.0,22562.812500,0.0246,7.0,22562.812500,0.0223,7.0,22562.812500,0.0226,7.0,-23.67,-12.33,-13.87
352,24684.933824,0.0234,27.0,24684.933824,0.0316,27.0,24684.933824,0.0228,27.0,24684.933824,0.0244,27.0,-34.83,2.71,-4.24
353,6452.139706,0.0209,7.0,6452.139706,0.0298,7.0,6452.139706,0.0224,7.0,6452.139706,0.0233,7.0,-42.57,-6.85,-11.53
354,7101.849265,0.0255,32.0,7101.849265,0.0237,32.0,7101.849265,0.0226,32.0,7101.849265,0.0209,32.0,6.99,11.07,17.90
355,6447.882353,0.0207,32.0,6447.882353,0.0236,32.0,6447.882353,0.0234,32.0,6447.882353,0.0221,32.0,-13.87,-12.85,-6.41
356,10851.481618,0.0256,2.0,10851.481618,0.0233,2.0,10851.481618,0.0200,2.0,10851.481618,0.0215,2.0,9.30,21.92,15.95
357,9631.363971,0.0223,7.0,9631.363971,0.0210,7.0,9631.363971,0.0206,7.0,9631.363971,0.0223,7.0,5.66,7.27,-0.10
358,50326.830882,0.0234,61.0,50326.830882,0.0234,61.0,50326.830882,0.0211,61.0,50326.830882,0.0221,61.0,-0.07,9.95,5.52
359,52108.753676,0.0289,7.0,52108.753676,0.0236,7.0,52108.753676,0.0218,7.0,52108.753676,0.0212,7.0,18.38,24.50,26.46
360,6818.724265,0.0273,6.0,6818.724265,0.0269,6.0,6818.724265,0.0224,6.0,6818.724265,0.0213,6.0,1.66,17.95,21.86
361,7063.558824,0.0291,7.0,7063.558824,0.0230,7.0,7063.558824,0.0203,7.0,7063.558824,0.0213,7.0,20.91,30.29,26.82
362,45059.849265,0.0278,16.0,45059.849265,0.0243,16.0,45059.849265,0.0215,16.0,45059.849265,0.0216,16.0,12.73,22.85,22.51
363,44598.937500,0.0271,18.0,44598.937500,0.0238,18.0,44598.937500,0.0204,18.0,44598.937500,0.0247,18.0,12.12,24.79,8.97
364,7386.856618,0.0205,7.0,7386.856618,0.0226,7.0,7386.856618,0.0257,7.0,7386.856618,0.0225,7.0,-10.24,-25.43,-9.57
365,7027.330882,0.0238,6.0,7027.330882,0.0208,6.0,7027.330882,0.0261,6.0,7027.330882,0.0216,6.0,12.57,-9.79,9.02
366,6448.628676,0.0223,6.0,6448.628676,0.0250,6.0,6448.628676,0.0226,6.0,6448.628676,0.0279,6.0,-11.94,-1.16,-24.86
367,101539.595588,0.0273,22.0,101539.595588,0.0238,22.0,101539.595588,0.0237,22.0,101539.595588,0.0309,22.0,12.59,12.99,-13.18
368,99114.051471,0.0230,20.0,99114.051471,0.0226,20.0,99114.051471,0.0230,20.0,99114.051471,0.0240,20.0,1.67,0.02,-4.41
369,40886.761029,0.0213,6.0,40886.761029,0.0237,6.0,40886.761029,0.0235,6.0,40886.761029,0.0219,6.0,-11.07,-9.98,-2.47
370,51998.422794,0.0201,6.0,51998.422794,0.0300,6.0,51998.422794,0.0222,6.0,51998.422794,0.0238,6.0,-49.13,-10.19,-18.12
371,5025.040441,0.0193,7.0,5025.040441,0.0223,7.0,5025.040441,0.0222,7.0,5025.040441,0.0205,7.0,-15.08,-14.78,-5.75
372,43802.176471,0.0266,31.0,43802.176471,0.0232,31.0,43802.176471,0.0220,31.0,43802.176471,0.0229,31.0,12.87,17.49,14.11
373,54403.746324,0.0241,16.0,54403.746324,0.0207,16.0,54403.746324,0.0234,16.0,54403.746324,0.0200,16.0,13.97,2.73,16.80
374,22566.426471,0.0275,21.0,22566.426471,0.0212,21.0,22566.426471,0.0243,21.0,22566.426471,0.0231,21.0,22.83,11.57,16.22
375,5646.246324,0.0212,7.0,5646.246324,0.0192,7.0,5646.246324,0.0223,7.0,5646.246324,0.0200,7.0,9.55,-5.33,5.45
376,5447.900735,0.0264,7.0,5447.900735,0.0252,7.0,5447.900735,0.0250,7.0,5447.900735,0.0221,7.0,4.73,5.45,16.29
377,54043.911765,0.0202,6.0,54043.911765,0.0311,6.0,54043.911765,0.0247,6.0,54043.911765,0.0205,6.0,-53.84,-22.12,-1.57
378,54522.393382,0.0247,6.0,54522.393382,0.0206,6.0,54522.393382,0.0262,6.0,54522.393382,0.0211,6.0,16.83,-5.94,14.68
379,7001.106618,0.0221,20.0,7001.106618,0.0235,20.0,7001.106618,0.0287,20.0,7001.106618,0.0223,20.0,-6.69,-30.16,-0.95
380,87341.577206,0.0219,4.0,87341.577206,0.0203,4.0,87341.577206,0.0223,4.0,87341.577206,0.0222,4.0,7.49,-1.74,-1.13
381,7216.856618,0.0202,7.0,7216.856618,0.0303,7.0,7216.856618,0.0215,7.0,7216.856618,0.0223,7.0,-49.91,-6.27,-10.62
382,35594.272059,0.0218,18.0,35594.272059,0.0292,18.0,35594.272059,0.0198,18.0,35594.272059,0.0255,18.0,-34.20,8.94,-17.08
383,16762.143382,0.0226,35.0,16762.143382,0.0269,35.0,16762.143382,0.0262,35.0,16762.143382,0.0215,35.0,-19.05,-16.19,4.78
384,9299.779412,0.0246,5.0,9299.779412,0.0267,5.0,9299.779412,0.0247,5.0,9299.779412,0.0222,5.0,-8.63,-0.69,9.48
385,7171.007353,0.0215,4.0,7171.007353,0.0318,4.0,7171.007353,0.0262,4.0,7171.007353,0.0242,4.0,-47.58,-21.77,-12.33
386,47305.930147,0.0216,8.0,47305.930147,0.0263,8.0,47305.930147,0.0218,8.0,47305.930147,0.0208,8.0,-22.03,-1.24,3.73
387,4778.981618,0.0199,7.0,4778.981618,0.0264,7.0,4778.981618,0.0214,7.0,4778.981618,0.0210,7.0,-32.80,-7.65,-5.74
388,5812.323529,0.0292,5.0,5812.323529,0.0222,5.0,5812.323529,0.0202,5.0,5812.323529,0.0226,5.0,24.02,30.77,22.52
389,30332.180147,0.0207,6.0,30332.180147,0.0272,6.0,30332.180147,0.0228,6.0,30332.180147,0.0241,6.0,-31.16,-9.96,-16.36
390,3133.713235,0.0230,4.0,3133.713235,0.0262,4.0,3133.713235,0.0199,4.0,3133.713235,0.0218,4.0,-13.99,13.35,5.11
391,3758.117647,0.0226,28.0,3758.117647,0.0266,28.0,3758.117647,0.0252,28.0,3758.117647,0.0217,28.0,-17.99,-11.69,4.02
392,11639.091912,0.0191,7.0,11639.091912,0.0219,7.0,11639.091912,0.0272,7.0,11639.091912,0.0240,7.0,-14.69,-42.03,-25.65
393,27541.025735,0.0236,6.0,27541.025735,0.0242,6.0,27541.025735,0.0282,6.0,27541.025735,0.0237,6.0,-2.62,-19.61,-0.32
394,1341.117647,0.0211,5.0,1341.117647,0.0280,5.0,1341.117647,0.0188,5.0,1341.117647,0.0215,5.0,-33.14,10.59,-1.91
395,6651.952206,0.0269,30.0,6651.952206,0.0226,30.0,6651.952206,0.0224,30.0,6651.952206,0.0275,30.0,16.22,16.79,-2.16
396,4324.180147,0.0187,30.0,4324.180147,0.0214,30.0,4324.180147,0.0234,30.0,4324.180147,0.0268,30.0,-14.72,-25.39,-43.37
397,1843.169118,0.0210,4.0,1843.169118,0.0230,4.0,1843.169118,0.0227,4.0,1843.169118,0.0253,4.0,-9.24,-7.83,-20.50
398,3533.338235,0.0221,6.0,3533.338235,0.0210,6.0,3533.338235,0.0213,6.0,3533.338235,0.0230,6.0,4.69,3.46,-4.18
399,13782.511029,0.0224,26.0,13782.511029,0.0208,26.0,13782.511029,0.0213,26.0,13782.511029,0.0266,26.0,7.06,4.69,-18.91
400,13797.198529,0.0257,2.0,13797.198529,0.0275,2.0,13797.198529,0.0258,2.0,13797.198529,0.0234,2.0,-6.85,-0.20,8.87
401,4543.272059,0.0205,28.0,4543.272059,0.0208,28.0,4543.272059,0.0200,28.0,4543.272059,0.0411,28.0,-1.66,2.26,-100.99
402,5501.327206,0.0197,7.0,5501.327206,0.0272,7.0,5501.327206,0.0209,7.0,5501.327206,0.0224,7.0,-38.05,-6.42,-13.72
403,1674.143382,0.0204,27.0,1674.143382,0.0216,27.0,1674.143382,0.0241,27.0,1674.143382,0.0230,27.0,-6.03,-18.24,-12.91
404,56335.231618,0.0203,5.0,56335.231618,0.0252,5.0,56335.231618,0.0228,5.0,56335.231618,0.0257,5.0,-23.80,-12.24,-26.64
405,9256.393382,0.0199,30.0,9256.393382,0.0266,30.0,9256.393382,0.0233,30.0,9256.393382,0.0278,30.0,-33.97,-17.08,-39.56
406,8411.360294,0.0211,31.0,8411.360294,0.0272,31.0,8411.360294,0.0282,31.0,8411.360294,0.0230,31.0,-28.53,-33.54,-8.75
407,2106.904412,0.0245,5.0,2106.904412,0.0249,5.0,2106.904412,0.0219,5.0,2106.904412,0.0234,5.0,-1.60,10.72,4.64
408,34035.073529,0.0257,6.0,34035.073529,0.0217,6.0,34035.073529,0.0221,6.0,34035.073529,0.0253,6.0,15.67,14.00,1.44
409,36823.672794,0.0204,23.0,36823.672794,0.0196,23.0,36823.672794,0.0224,23.0,36823.672794,0.0244,23.0,4.15,-9.71,-19.39
410,6912.477941,0.0204,5.0,6912.477941,0.0191,5.0,6912.477941,0.0217,5.0,6912.477941,0.0236,5.0,6.35,-6.67,-16.06
411,43585.518382,0.0218,30.0,43585.518382,0.0203,30.0,43585.518382,0.0234,30.0,43585.518382,0.0224,30.0,6.74,-7.58,-3.06
412,1505.566176,0.0205,28.0,1505.566176,0.0202,28.0,1505.566176,0.0226,28.0,1505.566176,0.0220,28.0,1.61,-10.23,-6.91
413,2271.922794,0.0196,28.0,2271.922794,0.0213,28.0,2271.922794,0.0224,28.0,2271.922794,0.0227,28.0,-8.81,-14.29,-15.86
414,54028.856618,0.0212,16.0,54028.856618,0.0203,16.0,54028.856618,0.0261,16.0,54028.856618,0.0362,16.0,4.33,-22.77,-70.44
415,9435.261029,0.0229,28.0,9435.261029,0.0207,28.0,9435.261029,0.0223,28.0,9435.261029,0.0210,28.0,9.87,2.78,8.41
416,1766.474265,0.0199,4.0,1766.474265,0.0230,4.0,1766.474265,0.0233,4.0,1766.474265,0.0228,4.0,-15.38,-17.20,-14.31
417,9134.437500,0.0213,29.0,9134.437500,0.0264,29.0,9134.437500,0.0319,29.0,9134.437500,0.0242,29.0,-24.12,-50.07,-13.80
418,33956.426471,0.0207,6.0,33956.426471,0.0212,6.0,33956.426471,0.0215,6.0,33956.426471,0.0220,6.0,-2.30,-3.93,-6.34
419,26365.444853,0.0202,32.0,26365.444853,0.0233,32.0,26365.444853,0.0223,32.0,26365.444853,0.0209,32.0,-15.53,-10.80,-3.94
420,54365.823529,0.0205,14.0,54365.823529,0.0220,14.0,54365.823529,0.0268,14.0,54365.823529,0.0235,14.0,-7.35,-30.64,-14.89
421,7345.511029,0.0203,7.0,7345.511029,0.0299,7.0,7345.511029,0.0210,7.0,7345.511029,0.0249,7.0,-47.58,-3.50,-23.08
422,6358.933824,0.0203,7.0,6358.933824,0.0206,7.0,6358.933824,0.0245,7.0,6358.933824,0.0208,7.0,-1.35,-20.98,-2.37
423,7825.470588,0.0205,2.0,7825.470588,0.0199,2.0,7825.470588,0.0231,2.0,7825.470588,0.0201,2.0,2.91,-12.47,2.34
424,33529.551471,0.0216,23.0,33529.551471,0.0234,23.0,33529.551471,0.0217,23.0,33529.551471,0.0214,23.0,-8.02,-0.09,1.31
425,87222.775735,0.0210,22.0,87222.775735,0.0231,22.0,87222.775735,0.0246,22.0,87222.775735,0.0217,22.0,-9.83,-17.19,-3.32
426,1115.382353,0.0207,14.0,1115.382353,0.0209,14.0,1115.382353,0.0217,14.0,1115.382353,0.0288,14.0,-1.39,-5.11,-39.21
427,58867.676471,0.0192,37.0,58867.676471,0.0228,37.0,58867.676471,0.0223,37.0,58867.676471,0.0240,37.0,-18.72,-16.24,-24.93
428,9479.139706,0.0213,14.0,9479.139706,0.0252,14.0,9479.139706,0.0201,14.0,9479.139706,0.0235,14.0,-18.23,5.51,-10.48
429,3500.786765,0.0200,7.0,3500.786765,0.0225,7.0,3500.786765,0.0249,7.0,3500.786765,0.0205,7.0,-12.27,-24.31,-2.12
430,59586.977941,0.0216,29.0,59586.977941,0.0246,29.0,59586.977941,0.0256,29.0,59586.977941,0.0282,29.0,-13.97,-18.86,-30.86
431,4453.966912,0.0211,29.0,4453.966912,0.0203,29.0,4453.966912,0.0271,29.0,4453.966912,0.0224,29.0,3.87,-28.24,-6.08
432,23708.566176,0.0208,30.0,23708.566176,0.0253,30.0,23708.566176,0.0306,30.0,23708.566176,0.0218,30.0,-22.02,-47.32,-4.96
433,3530.474265,0.0219,7.0,3530.474265,0.0222,7.0,3530.474265,0.0322,7.0,3530.474265,0.0202,7.0,-1.30,-46.94,8.02
434,8038.768382,0.0209,6.0,8038.768382,0.0216,6.0,8038.768382,0.0307,6.0,8038.768382,0.0222,6.0,-3.62,-47.24,-6.62
435,5292.540441,0.0212,2.0,5292.540441,0.0224,2.0,5292.540441,0.0227,2.0,5292.540441,0.0211,2.0,-5.56,-6.96,0.42
436,13696.580882,0.0218,27.0,13696.580882,0.0238,27.0,13696.580882,0.0228,27.0,13696.580882,0.0216,27.0,-9.24,-4.52,0.86
437,1027.904412,0.0183,5.0,1027.904412,0.0210,5.0,1027.904412,0.0205,5.0,1027.904412,0.0198,5.0,-14.46,-12.13,-7.93
438,5511.926471,0.0199,29.0,5511.926471,0.0228,29.0,5511.926471,0.0262,29.0,5511.926471,0.0223,29.0,-14.69,-31.55,-12.29
439,4702.886029,0.0208,4.0,4702.886029,0.0237,4.0,4702.886029,0.0206,4.0,4702.886029,0.0214,4.0,-14.01,0.89,-3.10
440,52288.102941,0.0191,14.0,52288.102941,0.0230,14.0,52288.102941,0.0219,14.0,52288.102941,0.0229,14.0,-20.43,-14.47,-19.93
441,6275.665441,0.0188,7.0,6275.665441,0.0223,7.0,6275.665441,0.0232,7.0,6275.665441,0.0231,7.0,-18.52,-23.36,-22.95
442,5386.077206,0.0220,7.0,5386.077206,0.0198,7.0,5386.077206,0.0218,7.0,5386.077206,0.0299,7.0,9.78,0.88,-35.96
443,9774.977941,0.0222,37.0,9774.977941,0.0215,37.0,9774.977941,0.0236,37.0,9774.977941,0.0215,37.0,3.14,-6.44,3.03
444,5093.466912,0.0179,7.0,5093.466912,0.0202,7.0,5093.466912,0.0222,7.0,5093.466912,0.0221,7.0,-12.56,-24.02,-23.30
445,4885.742647,0.0192,7.0,4885.742647,0.0221,7.0,4885.742647,0.0213,7.0,4885.742647,0.0218,7.0,-15.09,-10.98,-13.55
446,2126.970588,0.0197,4.0,2126.970588,0.0207,4.0,2126.970588,0.0260,4.0,2126.970588,0.0203,4.0,-5.27,-32.01,-3.16
447,16111.738971,0.0236,5.0,16111.738971,0.0270,5.0,16111.738971,0.0204,5.0,16111.738971,0.0228,5.0,-14.51,13.45,3.46
448,2773.996324,0.0210,6.0,2773.996324,0.0209,6.0,2773.996324,0.0226,6.0,2773.996324,0.0225,6.0,0.33,-7.95,-7.03
449,56550.165441,0.0231,14.0,56550.165441,0.0204,14.0,56550.165441,0.0204,14.0,56550.165441,0.0217,14.0,11.97,11.63,6.21
450,54239.062500,0.0190,14.0,54239.062500,0.0208,14.0,54239.062500,0.0226,14.0,54239.062500,0.0227,14.0,-9.46,-19.23,-19.64
451,1386.448529,0.0195,26.0,1386.448529,0.0227,26.0,1386.448529,0.0223,26.0,1386.448529,0.0240,26.0,-16.91,-14.45,-23.21
452,473.808824,0.0190,5.0,473.808824,0.0185,5.0,473.808824,0.0204,5.0,473.808824,0.0231,5.0,2.59,-7.19,-21.54
453,2883.194853,0.0185,28.0,2883.194853,0.0224,28.0,2883.194853,0.0235,28.0,2883.194853,0.0214,28.0,-21.18,-27.23,-16.02
454,4969.433824,0.0179,27.0,4969.433824,0.0212,27.0,4969.433824,0.0220,27.0,4969.433824,0.0240,27.0,-18.54,-23.16,-34.06
455,7779.996324,0.0203,18.0,7779.996324,0.0271,18.0,7779.996324,0.0233,18.0,7779.996324,0.0235,18.0,-33.76,-14.82,-15.81
456,51418.500000,0.0206,6.0,51418.500000,0.0228,6.0,51418.500000,0.0233,6.0,51418.500000,0.0219,6.0,-10.71,-12.93,-6.45
457,6956.411765,0.0244,28.0,6956.411765,0.0235,28.0,6956.411765,0.0203,28.0,6956.411765,0.0229,28.0,3.52,16.70,5.92
458,43012.606618,0.0190,4.0,43012.606618,0.0262,4.0,43012.606618,0.0233,4.0,43012.606618,0.0228,4.0,-38.01,-22.96,-20.01
459,5401.507353,0.0206,7.0,5401.507353,0.0228,7.0,5401.507353,0.0209,7.0,5401.507353,0.0268,7.0,-11.04,-1.80,-30.37
460,23898.261029,0.0202,29.0,23898.261029,0.0238,29.0,23898.261029,0.0227,29.0,23898.261029,0.0225,29.0,-17.91,-12.53,-11.55
461,790.933824,0.0194,29.0,790.933824,0.0233,29.0,790.933824,0.0337,29.0,790.933824,0.0218,29.0,-20.11,-74.13,-12.52
462,1602.367647,0.0218,25.0,1602.367647,0.0227,25.0,1602.367647,0.0213,25.0,1602.367647,0.0253,25.0,-4.23,2.07,-16.37
463,5404.981618,0.0229,7.0,5404.981618,0.0248,7.0,5404.981618,0.0223,7.0,5404.981618,0.0212,7.0,-8.28,2.74,7.42
464,22829.496324,0.0216,6.0,22829.496324,0.0207,6.0,22829.496324,0.0218,6.0,22829.496324,0.0217,6.0,4.15,-0.94,-0.60
465,13393.238971,0.0227,30.0,13393.238971,0.0249,30.0,13393.238971,0.0236,30.0,13393.238971,0.0223,30.0,-9.88,-4.26,1.56
466,6963.327206,0.0208,7.0,6963.327206,0.0239,7.0,6963.327206,0.0224,7.0,6963.327206,0.0224,7.0,-14.62,-7.60,-7.53
467,5200.121324,0.0281,18.0,5200.121324,0.0233,18.0,5200.121324,0.0233,18.0,5200.121324,0.0213,18.0,16.93,16.93,24.10
468,3108.533088,0.0210,6.0,3108.533088,0.0216,6.0,3108.533088,0.0226,6.0,3108.533088,0.0207,6.0,-2.79,-7.52,1.44
469,27911.599265,0.0198,7.0,27911.599265,0.0213,7.0,27911.599265,0.0217,7.0,27911.599265,0.0199,7.0,-7.91,-9.93,-0.45
470,26758.805147,0.0205,7.0,26758.805147,0.0229,7.0,26758.805147,0.0211,7.0,26758.805147,0.0203,7.0,-11.41,-2.75,1.12
471,10541.533088,0.0196,19.0,10541.533088,0.0207,19.0,10541.533088,0.0241,19.0,10541.533088,0.0204,19.0,-5.77,-22.94,-4.13
472,26272.613971,0.0186,13.0,26272.613971,0.0202,13.0,26272.613971,0.0199,13.0,26272.613971,0.0214,13.0,-8.74,-6.98,-15.10
473,4855.367647,0.0186,5.0,4855.367647,0.0241,5.0,4855.367647,0.0236,5.0,4855.367647,0.0203,5.0,-29.67,-26.79,-8.90
474,23524.878676,0.0208,16.0,23524.878676,0.0267,16.0,23524.878676,0.0222,16.0,23524.878676,0.0231,16.0,-28.23,-6.74,-11.14
475,14813.172794,0.0196,28.0,14813.172794,0.0226,28.0,14813.172794,0.0262,28.0,14813.172794,0.0222,28.0,-15.29,-33.52,-13.36
476,2218.904412,0.0203,6.0,2218.904412,0.0207,6.0,2218.904412,0.0214,6.0,2218.904412,0.0220,6.0,-1.80,-5.29,-8.09
477,13053.805147,0.0199,39.0,13053.805147,0.0229,39.0,13053.805147,0.0206,39.0,13053.805147,0.0196,39.0,-14.96,-3.18,1.85
478,26114.169118,0.0207,7.0,26114.169118,0.0215,7.0,26114.169118,0.0214,7.0,26114.169118,0.0273,7.0,-3.59,-3.42,-31.55
479,50479.948529,0.0210,14.0,50479.948529,0.0271,14.0,50479.948529,0.0204,14.0,50479.948529,0.0225,14.0,-29.30,2.94,-7.18
480,1567.926471,0.0182,7.0,1567.926471,0.0231,7.0,1567.926471,0.0344,7.0,1567.926471,0.0223,7.0,-26.61,-88.74,-22.21
481,26104.213235,0.0188,30.0,26104.213235,0.0219,30.0,26104.213235,0.0211,30.0,26104.213235,0.0254,30.0,-16.41,-12.25,-35.34
482,1786.786765,0.0187,27.0,1786.786765,0.0222,27.0,1786.786765,0.0206,27.0,1786.786765,0.0210,27.0,-18.50,-9.84,-12.10
483,62195.477941,0.0213,20.0,62195.477941,0.0216,20.0,62195.477941,0.0221,20.0,62195.477941,0.0238,20.0,-1.21,-3.45,-11.54
484,3273.654412,0.0183,28.0,3273.654412,0.0218,28.0,3273.654412,0.0224,28.0,3273.654412,0.0221,28.0,-18.86,-22.45,-20.82
485,5804.628676,0.0289,8.0,5804.628676,0.0271,8.0,5804.628676,0.0231,8.0,5804.628676,0.0232,8.0,6.32,20.23,19.88
486,548.308824,0.0205,31.0,548.308824,0.0216,31.0,548.308824,0.0250,31.0,548.308824,0.0217,31.0,-5.64,-21.96,-6.12
487,51503.613971,0.0223,24.0,51503.613971,0.0219,24.0,51503.613971,0.0234,24.0,51503.613971,0.0238,24.0,2.02,-5.00,-6.49
488,21741.621324,0.0211,6.0,21741.621324,0.0195,6.0,21741.621324,0.0219,6.0,21741.621324,0.0203,6.0,7.79,-3.50,4.01
489,16280.191176,0.0216,27.0,16280.191176,0.0208,27.0,16280.191176,0.0239,27.0,16280.191176,0.0253,27.0,3.70,-10.39,-16.86
490,4712.731618,0.0196,19.0,4712.731618,0.0205,19.0,4712.731618,0.0220,19.0,4712.731618,0.0231,19.0,-4.28,-11.91,-17.40
491,38471.860294,0.0256,5.0,38471.860294,0.0212,5.0,38471.860294,0.0228,5.0,38471.860294,0.0226,5.0,17.14,10.78,11.81
492,154546.062500,0.0198,4.0,154546.062500,0.0211,4.0,154546.062500,0.0216,4.0,154546.062500,0.0231,4.0,-6.07,-8.65,-16.50
493,26566.349265,0.0183,7.0,26566.349265,0.0273,7.0,26566.349265,0.0212,7.0,26566.349265,0.0217,7.0,-49.15,-15.46,-18.63
494,22066.897059,0.0183,2.0,22066.897059,0.0233,2.0,22066.897059,0.0217,2.0,22066.897059,0.0236,2.0,-27.89,-18.89,-29.33
495,287.055147,0.0201,32.0,287.055147,0.0218,32.0,287.055147,0.0214,32.0,287.055147,0.0245,32.0,-8.51,-6.69,-22.04
496,4874.713235,0.0205,18.0,4874.713235,0.0259,18.0,4874.713235,0.0199,18.0,4874.713235,0.0222,18.0,-26.00,2.79,-8.31
497,18115.551471,0.0198,7.0,18115.551471,0.0211,7.0,18115.551471,0.0218,7.0,18115.551471,0.0212,7.0,-7.05,-10.48,-7.12
498,19777.128676,0.0230,18.0,19777.128676,0.0207,18.0,19777.128676,0.0282,18.0,19777.128676,0.0222,18.0,10.29,-22.32,3.68
499,334.411765,0.0180,5.0,334.411765,0.0223,5.0,334.411765,0.0241,5.0,334.411765,0.0199,5.0,-23.92,-33.61,-10.41
