tm_index,cold_target,cold_solve_time,cold_iterations,cold_bar_iterations,cold_simplex_iterations,warm_target,warm_solve_time,warm_iterations,warm_bar_iterations,warm_simplex_iterations,time_improvement_pct,iter_improvement_pct
0,8852.595588,0.0231,39.0,0,39.0,8852.595588,0.0225,39.0,0,39.0,2.51,0.00
1,5364.158088,0.0227,47.0,0,47.0,5364.158088,0.0223,47.0,0,47.0,1.53,0.00
2,10477.301471,0.0217,28.0,0,28.0,10477.301471,0.0236,28.0,0,28.0,-8.71,0.00
3,40108.279412,0.0235,30.0,0,30.0,40108.279412,0.0216,30.0,0,30.0,7.95,0.00
4,10713.750000,0.0236,27.0,0,27.0,10713.750000,0.0215,27.0,0,27.0,8.69,0.00
5,5517.371324,0.0239,6.0,0,6.0,5517.371324,0.0209,6.0,0,6.0,12.74,0.00
6,5679.316176,0.0207,6.0,0,6.0,5679.316176,0.0222,6.0,0,6.0,-6.97,0.00
7,47583.400735,0.0214,39.0,0,39.0,47583.400735,0.0275,39.0,0,39.0,-28.91,0.00
8,1606.077206,0.0191,42.0,0,42.0,1606.077206,0.0234,42.0,0,42.0,-22.74,0.00
9,9584.496324,0.0228,64.0,0,64.0,9584.496324,0.0241,64.0,0,64.0,-5.80,0.00
10,30801.709559,0.0336,41.0,0,41.0,30801.709559,0.0198,41.0,0,41.0,41.01,0.00
11,839.702206,0.0201,39.0,0,39.0,839.702206,0.0225,39.0,0,39.0,-12.03,0.00
12,32387.066176,0.0193,41.0,0,41.0,32387.066176,0.0234,41.0,0,41.0,-21.35,0.00
13,4199.279412,0.0225,18.0,0,18.0,4199.279412,0.0223,18.0,0,18.0,0.54,0.00
14,1662.408088,0.0182,30.0,0,30.0,1662.408088,0.0281,30.0,0,30.0,-54.28,0.00
15,31045.455882,0.0213,41.0,0,41.0,31045.455882,0.0261,41.0,0,41.0,-22.64,0.00
16,34055.830882,0.0218,41.0,0,41.0,34055.830882,0.0243,41.0,0,41.0,-11.19,0.00
17,1177.595588,0.0206,16.0,0,16.0,1177.595588,0.0248,16.0,0,16.0,-20.16,0.00
18,1181.691176,0.0192,42.0,0,42.0,1181.691176,0.0211,42.0,0,42.0,-9.91,0.00
19,25006.606618,0.0228,22.0,0,22.0,25006.606618,0.0216,22.0,0,22.0,5.16,0.00
20,1256.253676,0.0202,40.0,0,40.0,1256.253676,0.0209,40.0,0,40.0,-3.40,0.00
21,25284.386029,0.0208,32.0,0,32.0,25284.386029,0.0236,32.0,0,32.0,-13.50,0.00
22,66165.555147,0.0227,41.0,0,41.0,66165.555147,0.0213,41.0,0,41.0,6.27,0.00
23,41844.602941,0.0199,7.0,0,7.0,41844.602941,0.0214,7.0,0,7.0,-7.63,0.00
24,22791.084559,0.0235,41.0,0,41.0,22791.084559,0.0213,41.0,0,41.0,9.39,0.00
25,58373.775735,0.0202,41.0,0,41.0,58373.775735,0.0241,41.0,0,41.0,-18.85,0.00
26,11344.224265,0.0203,24.0,0,24.0,11344.224265,0.0227,24.0,0,24.0,-11.79,0.00
27,14236.363971,0.0190,7.0,0,7.0,14236.363971,0.0223,7.0,0,7.0,-17.35,0.00
28,8790.128676,0.0217,38.0,0,38.0,8790.128676,0.0268,38.0,0,38.0,-23.60,0.00
29,4390.569853,0.0196,39.0,0,39.0,4390.569853,0.0230,39.0,0,39.0,-17.29,0.00
30,16654.113971,0.0182,21.0,0,21.0,16654.113971,0.0225,21.0,0,21.0,-23.90,0.00
31,7521.944853,0.0194,5.0,0,5.0,7521.944853,0.0218,5.0,0,5.0,-12.40,0.00
32,1464.580882,0.0205,14.0,0,14.0,1464.580882,0.0204,14.0,0,14.0,0.51,0.00
33,54765.029412,0.0208,41.0,0,41.0,54765.029412,0.0230,41.0,0,41.0,-10.86,0.00
34,69208.312500,0.0222,41.0,0,41.0,69208.312500,0.0226,41.0,0,41.0,-1.84,0.00
35,36581.283088,0.0214,7.0,0,7.0,36581.283088,0.0228,7.0,0,7.0,-6.66,0.00
36,3660.841912,0.0193,29.0,0,29.0,3660.841912,0.0229,29.0,0,29.0,-18.86,0.00
37,19881.628676,0.0209,40.0,0,40.0,19881.628676,0.0221,40.0,0,40.0,-6.05,0.00
38,16378.511029,0.0195,35.0,0,35.0,16378.511029,0.0220,35.0,0,35.0,-12.81,0.00
39,65812.680147,0.0204,41.0,0,41.0,65812.680147,0.0210,41.0,0,41.0,-3.15,0.00
40,7522.812500,0.0202,5.0,0,5.0,7522.812500,0.0322,5.0,0,5.0,-59.42,0.00
41,8319.875000,0.0190,41.0,0,41.0,8319.875000,0.0213,41.0,0,41.0,-11.90,0.00
42,53822.213235,0.0201,39.0,0,39.0,53822.213235,0.0253,39.0,0,39.0,-25.64,0.00
43,1138.172794,0.0197,14.0,0,14.0,1138.172794,0.0231,14.0,0,14.0,-17.50,0.00
44,57219.444853,0.0234,39.0,0,39.0,57219.444853,0.0207,39.0,0,39.0,11.54,0.00
45,10967.628676,0.0186,16.0,0,16.0,10967.628676,0.0221,16.0,0,16.0,-18.79,0.00
46,9571.463235,0.0234,35.0,0,35.0,9571.463235,0.0212,35.0,0,35.0,9.64,0.00
47,11363.742647,0.0199,5.0,0,5.0,11363.742647,0.0211,5.0,0,5.0,-6.03,0.00
48,9845.253676,0.0180,35.0,0,35.0,9845.253676,0.0221,35.0,0,35.0,-22.70,0.00
49,7946.875000,0.0187,36.0,0,36.0,7946.875000,0.0242,36.0,0,36.0,-29.57,0.00
50,3317.345588,0.0197,6.0,0,6.0,3317.345588,0.0224,6.0,0,6.0,-13.73,0.00
51,7737.051471,0.0187,6.0,0,6.0,7737.051471,0.0208,6.0,0,6.0,-11.45,0.00
52,8793.694853,0.0212,36.0,0,36.0,8793.694853,0.0217,36.0,0,36.0,-2.32,0.00
53,44398.768382,0.0192,39.0,0,39.0,44398.768382,0.0305,39.0,0,39.0,-58.68,0.00
54,33937.470588,0.0206,40.0,0,40.0,33937.470588,0.0236,40.0,0,40.0,-14.19,0.00
55,31002.772059,0.0203,40.0,0,40.0,31002.772059,0.0219,40.0,0,40.0,-7.65,0.00
56,19413.845588,0.0212,40.0,0,40.0,19413.845588,0.0219,40.0,0,40.0,-3.14,0.00
57,36617.055147,0.0226,41.0,0,41.0,36617.055147,0.0207,41.0,0,41.0,8.35,0.00
58,29159.069853,0.0206,40.0,0,40.0,29159.069853,0.0220,40.0,0,40.0,-6.93,0.00
59,6348.224265,0.0199,16.0,0,16.0,6348.224265,0.0218,16.0,0,16.0,-9.36,0.00
60,9344.102941,0.0190,16.0,0,16.0,9344.102941,0.0218,16.0,0,16.0,-14.79,0.00
61,26179.356618,0.0208,8.0,0,8.0,26179.356618,0.0217,8.0,0,8.0,-4.67,0.00
62,912.268382,0.0199,16.0,0,16.0,912.268382,0.0262,16.0,0,16.0,-31.42,0.00
63,42629.419118,0.0193,40.0,0,40.0,42629.419118,0.0269,40.0,0,40.0,-39.71,0.00
64,32906.091912,0.0200,39.0,0,39.0,32906.091912,0.0289,39.0,0,39.0,-44.25,0.00
65,75454.772059,0.0203,41.0,0,41.0,75454.772059,0.0300,41.0,0,41.0,-47.62,0.00
66,15750.944853,0.0211,13.0,0,13.0,15750.944853,0.0228,13.0,0,13.0,-7.73,0.00
67,44717.363971,0.0225,40.0,0,40.0,44717.363971,0.0220,40.0,0,40.0,2.36,0.00
68,5922.117647,0.0208,14.0,0,14.0,5922.117647,0.0230,14.0,0,14.0,-10.70,0.00
69,1195.886029,0.0196,14.0,0,14.0,1195.886029,0.0225,14.0,0,14.0,-14.67,0.00
70,1089.533088,0.0201,43.0,0,43.0,1089.533088,0.0234,43.0,0,43.0,-16.74,0.00
71,66550.764706,0.0194,39.0,0,39.0,66550.764706,0.0221,39.0,0,39.0,-13.57,0.00
72,14037.665441,0.0211,39.0,0,39.0,14037.665441,0.0213,39.0,0,39.0,-0.60,0.00
73,72577.974265,0.0210,39.0,0,39.0,72577.974265,0.0229,39.0,0,39.0,-9.09,0.00
74,580.628676,0.0197,25.0,0,25.0,580.628676,0.0267,25.0,0,25.0,-35.97,0.00
75,26465.988971,0.0205,38.0,0,38.0,26465.988971,0.0230,38.0,0,38.0,-12.29,0.00
76,62177.882353,0.0202,7.0,0,7.0,62177.882353,0.0233,7.0,0,7.0,-15.31,0.00
77,52056.694853,0.0197,7.0,0,7.0,52056.694853,0.0214,7.0,0,7.0,-8.67,0.00
78,28858.224265,0.0234,40.0,0,40.0,28858.224265,0.0226,40.0,0,40.0,3.57,0.00
79,54193.110294,0.0231,24.0,0,24.0,54193.110294,0.0249,24.0,0,24.0,-7.67,0.00
80,1179.220588,0.0206,25.0,0,25.0,1179.220588,0.0288,25.0,0,25.0,-39.61,0.00
81,91480.911765,0.0220,12.0,0,12.0,91480.911765,0.0234,12.0,0,12.0,-6.24,0.00
82,17636.455882,0.0198,19.0,0,19.0,17636.455882,0.0219,19.0,0,19.0,-10.41,0.00
83,1335.683824,0.0216,39.0,0,39.0,1335.683824,0.0249,39.0,0,39.0,-14.87,0.00
84,4794.808824,0.0192,13.0,0,13.0,4794.808824,0.0215,13.0,0,13.0,-11.92,0.00
85,73671.805147,0.0229,41.0,0,41.0,73671.805147,0.0257,41.0,0,41.0,-11.95,0.00
86,1039.981618,0.0284,42.0,0,42.0,1039.981618,0.0212,42.0,0,42.0,25.23,0.00
87,30209.033088,0.0216,28.0,0,28.0,30209.033088,0.0218,28.0,0,28.0,-0.69,0.00
88,15732.033088,0.0202,39.0,0,39.0,15732.033088,0.0204,39.0,0,39.0,-1.04,0.00
89,24051.110294,0.0201,27.0,0,27.0,24051.110294,0.0218,27.0,0,27.0,-8.81,0.00
90,4853.772059,0.0194,14.0,0,14.0,4853.772059,0.0205,14.0,0,14.0,-5.97,0.00
91,3892.290441,0.0187,15.0,0,15.0,3892.290441,0.0206,15.0,0,15.0,-10.62,0.00
92,30109.683824,0.0215,39.0,0,39.0,30109.683824,0.0213,39.0,0,39.0,0.57,0.00
93,6161.963235,0.0220,14.0,0,14.0,6161.963235,0.0220,14.0,0,14.0,0.02,0.00
94,52276.338235,0.0225,40.0,0,40.0,52276.338235,0.0227,40.0,0,40.0,-0.76,0.00
95,5549.518382,0.0223,15.0,0,15.0,5549.518382,0.0210,15.0,0,15.0,5.83,0.00
96,63013.202206,0.0266,40.0,0,40.0,63013.202206,0.0226,40.0,0,40.0,14.83,0.00
97,3978.411765,0.0220,16.0,0,16.0,3978.411765,0.0215,16.0,0,16.0,2.41,0.00
98,4793.409926,0.0280,59.0,0,59.0,4793.409926,0.0233,59.0,0,59.0,16.80,0.00
99,1316.731618,0.0258,15.0,0,15.0,1316.731618,0.0221,15.0,0,15.0,14.59,0.00
100,1949.029412,0.0260,26.0,0,26.0,1949.029412,0.0216,26.0,0,26.0,16.65,0.00
101,7524.466912,0.0232,13.0,0,13.0,7524.466912,0.0229,13.0,0,13.0,1.42,0.00
102,15327.055147,0.0235,13.0,0,13.0,15327.055147,0.0233,13.0,0,13.0,0.76,0.00
103,8060.378676,0.0295,15.0,0,15.0,8060.378676,0.0209,15.0,0,15.0,29.31,0.00
104,31079.106618,0.0225,36.0,0,36.0,31079.106618,0.0224,36.0,0,36.0,0.31,0.00
105,4898.944853,0.0204,13.0,0,13.0,4898.944853,0.0238,13.0,0,13.0,-16.61,0.00
106,20515.202206,0.0224,39.0,0,39.0,20515.202206,0.0386,39.0,0,39.0,-72.52,0.00
107,9460.235294,0.0233,13.0,0,13.0,9460.235294,0.0227,13.0,0,13.0,2.66,0.00
108,59713.327206,0.0246,7.0,0,7.0,59713.327206,0.0236,7.0,0,7.0,4.09,0.00
109,5483.786765,0.0264,57.0,0,57.0,5483.786765,0.0290,57.0,0,57.0,-10.16,0.00
110,32745.636029,0.0215,36.0,0,36.0,32745.636029,0.0258,36.0,0,36.0,-20.35,0.00
111,16001.062500,0.0205,38.0,0,38.0,16001.062500,0.0219,38.0,0,38.0,-6.85,0.00
112,3069.511029,0.0215,15.0,0,15.0,3069.511029,0.0214,15.0,0,15.0,0.44,0.00
113,2215.250000,0.0222,35.0,0,35.0,2215.250000,0.0228,35.0,0,35.0,-2.77,0.00
114,2655.106618,0.0272,35.0,0,35.0,2655.106618,0.0220,35.0,0,35.0,18.96,0.00
115,48151.345588,0.0200,8.0,0,8.0,48151.345588,0.0224,8.0,0,8.0,-12.15,0.00
116,41687.220588,0.0224,29.0,0,29.0,41687.220588,0.0225,29.0,0,29.0,-0.33,0.00
117,71579.588235,0.0219,41.0,0,41.0,71579.588235,0.0234,41.0,0,41.0,-6.73,0.00
118,5258.687500,0.0251,27.0,0,27.0,5258.687500,0.0247,27.0,0,27.0,1.56,0.00
119,4237.051471,0.0216,15.0,0,15.0,4237.051471,0.0232,15.0,0,15.0,-7.14,0.00
120,57060.602941,0.0274,39.0,0,39.0,57060.602941,0.0250,39.0,0,39.0,8.66,0.00
121,9785.448529,0.0241,40.0,0,40.0,9785.448529,0.0201,40.0,0,40.0,16.43,0.00
122,61336.294118,0.0291,39.0,0,39.0,61336.294118,0.0264,39.0,0,39.0,9.47,0.00
123,54307.941176,0.0200,28.0,0,28.0,54307.941176,0.0306,28.0,0,28.0,-53.21,0.00
124,27226.272059,0.0212,40.0,0,40.0,27226.272059,0.0249,40.0,0,40.0,-17.74,0.00
125,70644.812500,0.0234,27.0,0,27.0,70644.812500,0.0229,27.0,0,27.0,2.25,0.00
126,4054.375000,0.0210,28.0,0,28.0,4054.375000,0.0208,28.0,0,28.0,0.82,0.00
127,36357.886029,0.0209,40.0,0,40.0,36357.886029,0.0233,40.0,0,40.0,-11.39,0.00
128,77983.408088,0.0266,40.0,0,40.0,77983.408088,0.0225,40.0,0,40.0,15.62,0.00
129,2038.000000,0.0245,15.0,0,15.0,2038.000000,0.0206,15.0,0,15.0,16.09,0.00
130,69986.187500,0.0246,40.0,0,40.0,69986.187500,0.0226,40.0,0,40.0,8.13,0.00
131,66027.713235,0.0247,40.0,0,40.0,66027.713235,0.0291,40.0,0,40.0,-18.10,0.00
132,39654.606618,0.0246,6.0,0,6.0,39654.606618,0.0209,6.0,0,6.0,15.08,0.00
133,60931.496324,0.0223,39.0,0,39.0,60931.496324,0.0244,39.0,0,39.0,-9.35,0.00
134,53420.169118,0.0238,39.0,0,39.0,53420.169118,0.0263,39.0,0,39.0,-10.17,0.00
135,6081.621324,0.0213,27.0,0,27.0,6081.621324,0.0249,27.0,0,27.0,-16.78,0.00
136,68548.893382,0.0263,41.0,0,41.0,68548.893382,0.0213,41.0,0,41.0,18.87,0.00
137,12627.312500,0.0215,39.0,0,39.0,12627.312500,0.0232,39.0,0,39.0,-7.90,0.00
138,72144.580882,0.0267,40.0,0,40.0,72144.580882,0.0277,40.0,0,40.0,-3.76,0.00
139,4167.669118,0.0240,27.0,0,27.0,4167.669118,0.0280,27.0,0,27.0,-17.03,0.00
140,2244.316176,0.0301,35.0,0,35.0,2244.316176,0.0223,35.0,0,35.0,25.94,0.00
141,65916.220588,0.0266,38.0,0,38.0,65916.220588,0.0228,38.0,0,38.0,14.24,0.00
142,46016.378676,0.0221,28.0,0,28.0,46016.378676,0.0220,28.0,0,28.0,0.86,0.00
143,2942.871324,0.0222,13.0,0,13.0,2942.871324,0.0239,13.0,0,13.0,-7.52,0.00
144,72091.996324,0.0235,39.0,0,39.0,72091.996324,0.0285,39.0,0,39.0,-21.29,0.00
145,20969.253676,0.0282,39.0,0,39.0,20969.253676,0.0225,39.0,0,39.0,20.26,0.00
146,47118.650735,0.0228,38.0,0,38.0,47118.650735,0.0280,38.0,0,38.0,-22.86,0.00
147,72742.139706,0.0265,37.0,0,37.0,72742.139706,0.0214,37.0,0,37.0,19.13,0.00
148,10710.580882,0.0281,40.0,0,40.0,10710.580882,0.0231,40.0,0,40.0,17.78,0.00
149,3639.154412,0.0206,13.0,0,13.0,3639.154412,0.0234,13.0,0,13.0,-13.57,0.00
150,3288.033088,0.0219,27.0,0,27.0,3288.033088,0.0231,27.0,0,27.0,-5.61,0.00
151,4319.856618,0.0227,28.0,0,28.0,4319.856618,0.0211,28.0,0,28.0,6.67,0.00
152,51212.187500,0.0225,37.0,0,37.0,51212.187500,0.0227,37.0,0,37.0,-0.83,0.00
153,3343.569853,0.0209,27.0,0,27.0,3343.569853,0.0210,27.0,0,27.0,-0.66,0.00
154,13055.724265,0.0269,26.0,0,26.0,13055.724265,0.0191,26.0,0,26.0,28.98,0.00
155,46530.492647,0.0230,39.0,0,39.0,46530.492647,0.0239,39.0,0,39.0,-3.94,0.00
156,32659.904412,0.0225,26.0,0,26.0,32659.904412,0.0221,26.0,0,26.0,1.66,0.00
157,2369.294118,0.0216,40.0,0,40.0,2369.294118,0.0202,40.0,0,40.0,6.81,0.00
158,6993.316176,0.0209,28.0,0,28.0,6993.316176,0.0244,28.0,0,28.0,-17.04,0.00
159,44233.845588,0.0322,38.0,0,38.0,44233.845588,0.0228,38.0,0,38.0,29.22,0.00
160,28094.003676,0.0209,25.0,0,25.0,28094.003676,0.0226,25.0,0,25.0,-8.37,0.00
161,46984.658088,0.0200,6.0,0,6.0,46984.658088,0.0242,6.0,0,6.0,-21.07,0.00
162,24372.227941,0.0249,40.0,0,40.0,24372.227941,0.0255,40.0,0,40.0,-2.73,0.00
163,3749.007353,0.0288,28.0,0,28.0,3749.007353,0.0226,28.0,0,28.0,21.63,0.00
164,70339.283088,0.0214,39.0,0,39.0,70339.283088,0.0234,39.0,0,39.0,-9.37,0.00
165,3064.871324,0.0205,24.0,0,24.0,3064.871324,0.0215,24.0,0,24.0,-5.00,0.00
166,25629.191176,0.0222,41.0,0,41.0,25629.191176,0.0229,41.0,0,41.0,-3.13,0.00
167,45219.187500,0.0185,26.0,0,26.0,45219.187500,0.0211,26.0,0,26.0,-14.09,0.00
168,34366.066176,0.0210,40.0,0,40.0,34366.066176,0.0237,40.0,0,40.0,-12.97,0.00
169,41739.849265,0.0250,40.0,0,40.0,41739.849265,0.0214,40.0,0,40.0,14.56,0.00
170,4963.573529,0.0206,17.0,0,17.0,4963.573529,0.0204,17.0,0,17.0,1.06,0.00
171,2111.136029,0.0193,34.0,0,34.0,2111.136029,0.0309,34.0,0,34.0,-60.29,0.00
172,49939.128676,0.0216,39.0,0,39.0,49939.128676,0.0219,39.0,0,39.0,-1.72,0.00
173,688.511029,0.0206,34.0,0,34.0,688.511029,0.0208,34.0,0,34.0,-0.89,0.00
174,2920.242647,0.0194,15.0,0,15.0,2920.242647,0.0216,15.0,0,15.0,-10.98,0.00
175,34923.908088,0.0222,27.0,0,27.0,34923.908088,0.0259,27.0,0,27.0,-17.02,0.00
176,1855.849265,0.0190,29.0,0,29.0,1855.849265,0.0223,29.0,0,29.0,-17.26,0.00
177,1263.797794,0.0194,27.0,0,27.0,1263.797794,0.0218,27.0,0,27.0,-11.90,0.00
178,468.742647,0.0195,33.0,0,33.0,468.742647,0.0215,33.0,0,33.0,-10.19,0.00
179,32421.566176,0.0215,40.0,0,40.0,32421.566176,0.0282,40.0,0,40.0,-31.02,0.00
180,34366.349265,0.0188,36.0,0,36.0,34366.349265,0.0353,36.0,0,36.0,-87.34,0.00
181,88020.886029,0.0194,40.0,0,40.0,88020.886029,0.0326,40.0,0,40.0,-68.11,0.00
182,23630.639706,0.0213,40.0,0,40.0,23630.639706,0.0245,40.0,0,40.0,-15.45,0.00
183,55644.117647,0.0196,39.0,0,39.0,55644.117647,0.0226,39.0,0,39.0,-15.29,0.00
184,4075.051471,0.0221,25.0,0,25.0,4075.051471,0.0254,25.0,0,25.0,-15.29,0.00
185,1784.606618,0.0193,23.0,0,23.0,1784.606618,0.0206,23.0,0,23.0,-6.39,0.00
186,2106.459559,0.0208,5.0,0,5.0,2106.459559,0.0214,5.0,0,5.0,-2.51,0.00
187,81877.779412,0.0218,39.0,0,39.0,81877.779412,0.0282,39.0,0,39.0,-29.08,0.00
188,54146.992647,0.0207,12.0,0,12.0,54146.992647,0.0217,12.0,0,12.0,-4.56,0.00
189,45825.569853,0.0201,37.0,0,37.0,45825.569853,0.0240,37.0,0,37.0,-18.99,0.00
190,89819.069853,0.0204,37.0,0,37.0,89819.069853,0.0215,37.0,0,37.0,-5.10,0.00
191,6884.849265,0.0263,29.0,0,29.0,6884.849265,0.0206,29.0,0,29.0,21.52,0.00
192,1295.533088,0.0203,14.0,0,14.0,1295.533088,0.0197,14.0,0,14.0,2.85,0.00
193,1949.974265,0.0192,14.0,0,14.0,1949.974265,0.0246,14.0,0,14.0,-28.18,0.00
194,1602.066176,0.0211,35.0,0,35.0,1602.066176,0.0222,35.0,0,35.0,-5.19,0.00
195,1420.272059,0.0216,35.0,0,35.0,1420.272059,0.0240,35.0,0,35.0,-11.42,0.00
196,359.400735,0.0182,24.0,0,24.0,359.400735,0.0189,24.0,0,24.0,-3.69,0.00
197,23087.202206,0.0191,37.0,0,37.0,23087.202206,0.0206,37.0,0,37.0,-8.07,0.00
198,50118.716912,0.0200,37.0,0,37.0,50118.716912,0.0233,37.0,0,37.0,-16.69,0.00
199,11322.966912,0.0211,24.0,0,24.0,11322.966912,0.0213,24.0,0,24.0,-1.22,0.00
200,289.676471,0.0205,30.0,0,30.0,289.676471,0.0214,30.0,0,30.0,-4.33,0.00
201,520.577206,0.0205,14.0,0,14.0,520.577206,0.0222,14.0,0,14.0,-7.97,0.00
202,760.687500,0.0197,38.0,0,38.0,760.687500,0.0207,38.0,0,38.0,-5.27,0.00
203,48364.172794,0.0217,35.0,0,35.0,48364.172794,0.0214,35.0,0,35.0,1.44,0.00
204,1374.753676,0.0220,31.0,0,31.0,1374.753676,0.0201,31.0,0,31.0,8.50,0.00
205,53285.569853,0.0229,30.0,0,30.0,53285.569853,0.0216,30.0,0,30.0,5.63,0.00
206,1214.301471,0.0273,34.0,0,34.0,1214.301471,0.0205,34.0,0,34.0,24.69,0.00
207,602.279412,0.0245,13.0,0,13.0,602.279412,0.0207,13.0,0,13.0,15.62,0.00
208,42191.709559,0.0303,28.0,0,28.0,42191.709559,0.0228,28.0,0,28.0,24.95,0.00
209,1048.941176,0.0183,39.0,0,39.0,1048.941176,0.0213,39.0,0,39.0,-15.94,0.00
210,20684.136029,0.0257,23.0,0,23.0,20684.136029,0.0223,23.0,0,23.0,13.14,0.00
211,27784.911765,0.0208,34.0,0,34.0,27784.911765,0.0252,34.0,0,34.0,-21.26,0.00
212,74497.977941,0.0270,34.0,0,34.0,74497.977941,0.0204,34.0,0,34.0,24.42,0.00
213,534.161765,0.0231,15.0,0,15.0,534.161765,0.0268,15.0,0,15.0,-15.92,0.00
214,154.463235,0.0273,34.0,0,34.0,154.463235,0.0215,34.0,0,34.0,21.31,0.00
215,543.694853,0.0228,14.0,0,14.0,543.694853,0.0215,14.0,0,14.0,5.77,0.00
216,84007.327206,0.0245,36.0,0,36.0,84007.327206,0.0246,36.0,0,36.0,-0.48,0.00
217,41512.279412,0.0218,35.0,0,35.0,41512.279412,0.0222,35.0,0,35.0,-2.01,0.00
218,99171.404412,0.0218,35.0,0,35.0,99171.404412,0.0227,35.0,0,35.0,-4.11,0.00
219,59642.327206,0.0207,36.0,0,36.0,59642.327206,0.0309,36.0,0,36.0,-49.19,0.00
220,548.367647,0.0199,14.0,0,14.0,548.367647,0.0291,14.0,0,14.0,-46.31,0.00
221,17442.191176,0.0222,3.0,0,3.0,17442.191176,0.0221,3.0,0,3.0,0.50,0.00
222,49174.213235,0.0231,37.0,0,37.0,49174.213235,0.0299,37.0,0,37.0,-29.82,0.00
223,73122.242647,0.0235,35.0,0,35.0,73122.242647,0.0233,35.0,0,35.0,1.03,0.00
224,660.055147,0.0214,14.0,0,14.0,660.055147,0.0200,14.0,0,14.0,6.60,0.00
225,26005.125000,0.0230,34.0,0,34.0,26005.125000,0.0224,34.0,0,34.0,2.69,0.00
226,634.764706,0.0183,23.0,0,23.0,634.764706,0.0269,23.0,0,23.0,-47.30,0.00
227,1366.805147,0.0208,23.0,0,23.0,1366.805147,0.0238,23.0,0,23.0,-14.18,0.00
228,55251.154412,0.0213,6.0,0,6.0,55251.154412,0.0204,6.0,0,6.0,4.36,0.00
229,2045.246324,0.0198,27.0,0,27.0,2045.246324,0.0212,27.0,0,27.0,-7.12,0.00
230,76051.033088,0.0270,5.0,0,5.0,76051.033088,0.0211,5.0,0,5.0,21.95,0.00
231,57253.753676,0.0190,34.0,0,34.0,57253.753676,0.0225,34.0,0,34.0,-18.10,0.00
232,29657.128676,0.0236,33.0,0,33.0,29657.128676,0.0222,33.0,0,33.0,5.90,0.00
233,56749.316176,0.0216,36.0,0,36.0,56749.316176,0.0233,36.0,0,36.0,-7.91,0.00
234,505.102941,0.0202,14.0,0,14.0,505.102941,0.0227,14.0,0,14.0,-12.30,0.00
235,63798.235294,0.0237,34.0,0,34.0,63798.235294,0.0246,34.0,0,34.0,-3.69,0.00
236,2462.433824,0.0208,4.0,0,4.0,2462.433824,0.0215,4.0,0,4.0,-3.54,0.00
237,949.018382,0.0262,24.0,0,24.0,949.018382,0.0202,24.0,0,24.0,22.95,0.00
238,339.316176,0.0188,8.0,0,8.0,339.316176,0.0218,8.0,0,8.0,-15.50,0.00
239,66537.261029,0.0205,26.0,0,26.0,66537.261029,0.0232,26.0,0,26.0,-12.90,0.00
240,72815.125000,0.0284,33.0,0,33.0,72815.125000,0.0248,33.0,0,33.0,12.47,0.00
241,452.529412,0.0324,24.0,0,24.0,452.529412,0.0219,24.0,0,24.0,32.17,0.00
242,57724.069853,0.0205,34.0,0,34.0,57724.069853,0.0225,34.0,0,34.0,-9.68,0.00
243,62995.301471,0.0234,34.0,0,34.0,62995.301471,0.0280,34.0,0,34.0,-19.47,0.00
244,3496.544118,0.0231,22.0,0,22.0,3496.544118,0.0209,22.0,0,22.0,9.70,0.00
245,713.750000,0.0313,20.0,0,20.0,713.750000,0.0211,20.0,0,20.0,32.56,0.00
246,572.073529,0.0253,30.0,0,30.0,572.073529,0.0222,30.0,0,30.0,12.20,0.00
247,60620.205882,0.0202,36.0,0,36.0,60620.205882,0.0240,36.0,0,36.0,-18.99,0.00
248,7659.419118,0.0248,23.0,0,23.0,7659.419118,0.0214,23.0,0,23.0,13.43,0.00
249,1351.871324,0.0211,29.0,0,29.0,1351.871324,0.0229,29.0,0,29.0,-8.30,0.00
250,60517.503676,0.0261,5.0,0,5.0,60517.503676,0.0235,5.0,0,5.0,10.09,0.00
251,2192.959559,0.0279,14.0,0,14.0,2192.959559,0.0237,14.0,0,14.0,14.90,0.00
252,1073.639706,0.0205,32.0,0,32.0,1073.639706,0.0213,32.0,0,32.0,-3.85,0.00
253,55641.694853,0.0195,5.0,0,5.0,55641.694853,0.0204,5.0,0,5.0,-4.77,0.00
254,1430.588235,0.0224,27.0,0,27.0,1430.588235,0.0230,27.0,0,27.0,-2.49,0.00
255,70332.330882,0.0199,4.0,0,4.0,70332.330882,0.0216,4.0,0,4.0,-8.72,0.00
256,39597.496324,0.0202,35.0,0,35.0,39597.496324,0.0332,35.0,0,35.0,-64.73,0.00
257,56373.150735,0.0191,34.0,0,34.0,56373.150735,0.0220,34.0,0,34.0,-15.02,0.00
258,59059.235294,0.0200,38.0,0,38.0,59059.235294,0.0231,38.0,0,38.0,-15.17,0.00
259,769.158088,0.0198,37.0,0,37.0,769.158088,0.0207,37.0,0,37.0,-4.42,0.00
260,1284.338235,0.0229,34.0,0,34.0,1284.338235,0.0213,34.0,0,34.0,6.98,0.00
261,1571.000000,0.0212,32.0,0,32.0,1571.000000,0.0207,32.0,0,32.0,2.28,0.00
262,1538.551471,0.0217,25.0,0,25.0,1538.551471,0.0227,25.0,0,25.0,-4.83,0.00
263,592.279412,0.0203,33.0,0,33.0,592.279412,0.0281,33.0,0,33.0,-38.27,0.00
264,1216.172794,0.0223,37.0,0,37.0,1216.172794,0.0219,37.0,0,37.0,1.79,0.00
265,1640.919118,0.0244,4.0,0,4.0,1640.919118,0.0211,4.0,0,4.0,13.49,0.00
266,136.128676,0.0185,4.0,0,4.0,136.128676,0.0201,4.0,0,4.0,-9.10,0.00
267,12440.970588,0.0185,33.0,0,33.0,12440.970588,0.0233,33.0,0,33.0,-25.91,0.00
268,1766.819853,0.0182,15.0,0,15.0,1766.819853,0.0223,15.0,0,15.0,-22.83,0.00
269,51682.069853,0.0208,36.0,0,36.0,51682.069853,0.0210,36.0,0,36.0,-0.77,0.00
270,27813.400735,0.0188,35.0,0,35.0,27813.400735,0.0216,35.0,0,35.0,-14.66,0.00
271,75052.569853,0.0215,33.0,0,33.0,75052.569853,0.0217,33.0,0,33.0,-0.85,0.00
272,31659.915441,0.0208,27.0,0,27.0,31659.915441,0.0220,27.0,0,27.0,-6.05,0.00
273,37063.613971,0.0212,29.0,0,29.0,37063.613971,0.0223,29.0,0,29.0,-5.35,0.00
274,73929.040441,0.0212,34.0,0,34.0,73929.040441,0.0211,34.0,0,34.0,0.52,0.00
275,600.808824,0.0184,21.0,0,21.0,600.808824,0.0195,21.0,0,21.0,-5.79,0.00
276,37002.525735,0.0203,29.0,0,29.0,37002.525735,0.0245,29.0,0,29.0,-20.56,0.00
277,1752.069853,0.0176,27.0,0,27.0,1752.069853,0.0214,27.0,0,27.0,-21.95,0.00
278,17757.816176,0.0201,35.0,0,35.0,17757.816176,0.0218,35.0,0,35.0,-8.32,0.00
279,74941.441176,0.0261,36.0,0,36.0,74941.441176,0.0208,36.0,0,36.0,20.16,0.00
280,42848.165441,0.0198,32.0,0,32.0,42848.165441,0.0228,32.0,0,32.0,-15.58,0.00
281,29654.496324,0.0199,3.0,0,3.0,29654.496324,0.0227,3.0,0,3.0,-14.05,0.00
282,46760.194853,0.0210,33.0,0,33.0,46760.194853,0.0216,33.0,0,33.0,-2.85,0.00
283,22780.863971,0.0241,35.0,0,35.0,22780.863971,0.0230,35.0,0,35.0,4.81,0.00
284,70840.077206,0.0288,32.0,0,32.0,70840.077206,0.0201,32.0,0,32.0,30.09,0.00
285,4209.496324,0.0208,34.0,0,34.0,4209.496324,0.0247,34.0,0,34.0,-18.74,0.00
286,1005.044118,0.0226,31.0,0,31.0,1005.044118,0.0249,31.0,0,31.0,-9.97,0.00
287,56686.113971,0.0208,26.0,0,26.0,56686.113971,0.0255,26.0,0,26.0,-22.50,0.00
288,499.492647,0.0208,27.0,0,27.0,499.492647,0.0227,27.0,0,27.0,-9.04,0.00
289,60983.231618,0.0203,5.0,0,5.0,60983.231618,0.0214,5.0,0,5.0,-5.56,0.00
290,1648.525735,0.0217,24.0,0,24.0,1648.525735,0.0213,24.0,0,24.0,2.04,0.00
291,23018.378676,0.0221,29.0,0,29.0,23018.378676,0.0262,29.0,0,29.0,-18.68,0.00
292,6564.158088,0.0206,4.0,0,4.0,6564.158088,0.0217,4.0,0,4.0,-5.59,0.00
293,823.444853,0.0208,29.0,0,29.0,823.444853,0.0215,29.0,0,29.0,-3.59,0.00
294,39378.680147,0.0222,38.0,0,38.0,39378.680147,0.0214,38.0,0,38.0,3.78,0.00
295,66978.889706,0.0220,37.0,0,37.0,66978.889706,0.0235,37.0,0,37.0,-7.05,0.00
296,556.702206,0.0188,28.0,0,28.0,556.702206,0.0200,28.0,0,28.0,-6.57,0.00
297,54446.731618,0.0203,35.0,0,35.0,54446.731618,0.0228,35.0,0,35.0,-12.00,0.00
298,5352.283088,0.0197,4.0,0,4.0,5352.283088,0.0237,4.0,0,4.0,-20.46,0.00
299,940.849265,0.0206,30.0,0,30.0,940.849265,0.0200,30.0,0,30.0,2.96,0.00
300,5144.194853,0.0194,4.0,0,4.0,5144.194853,0.0203,4.0,0,4.0,-4.90,0.00
301,21947.191176,0.0205,5.0,0,5.0,21947.191176,0.0208,5.0,0,5.0,-1.30,0.00
302,434.169118,0.0191,25.0,0,25.0,434.169118,0.0208,25.0,0,25.0,-8.94,0.00
303,420.338235,0.0208,16.0,0,16.0,420.338235,0.0216,16.0,0,16.0,-4.03,0.00
304,31271.827206,0.0213,36.0,0,36.0,31271.827206,0.0236,36.0,0,36.0,-10.84,0.00
305,56087.411765,0.0209,35.0,0,35.0,56087.411765,0.0207,35.0,0,35.0,0.94,0.00
306,75959.786765,0.0202,34.0,0,34.0,75959.786765,0.0221,34.0,0,34.0,-9.50,0.00
307,274.231618,0.0198,33.0,0,33.0,274.231618,0.0217,33.0,0,33.0,-9.48,0.00
308,439.654412,0.0188,20.0,0,20.0,439.654412,0.0205,20.0,0,20.0,-8.97,0.00
309,53811.360294,0.0201,31.0,0,31.0,53811.360294,0.0203,31.0,0,31.0,-1.01,0.00
310,29506.518382,0.0196,9.0,0,9.0,29506.518382,0.0226,9.0,0,9.0,-14.98,0.00
311,71603.286765,0.0197,26.0,0,26.0,71603.286765,0.0296,26.0,0,26.0,-50.05,0.00
312,5918.033088,0.0190,22.0,0,22.0,5918.033088,0.0199,22.0,0,22.0,-4.76,0.00
313,56690.187500,0.0207,35.0,0,35.0,56690.187500,0.0201,35.0,0,35.0,2.69,0.00
314,385.676471,0.0213,36.0,0,36.0,385.676471,0.0212,36.0,0,36.0,0.42,0.00
315,42455.466912,0.0209,32.0,0,32.0,42455.466912,0.0215,32.0,0,32.0,-2.64,0.00
316,73376.705882,0.0223,34.0,0,34.0,73376.705882,0.0216,34.0,0,34.0,3.09,0.00
317,39438.371324,0.0192,4.0,0,4.0,39438.371324,0.0203,4.0,0,4.0,-5.79,0.00
318,471.268382,0.0184,24.0,0,24.0,471.268382,0.0226,24.0,0,24.0,-23.05,0.00
319,85275.161765,0.0208,32.0,0,32.0,85275.161765,0.0214,32.0,0,32.0,-2.54,0.00
320,577.415441,0.0216,26.0,0,26.0,577.415441,0.0224,26.0,0,26.0,-3.59,0.00
321,91270.823529,0.0296,38.0,0,38.0,91270.823529,0.0213,38.0,0,38.0,28.15,0.00
322,37891.033088,0.0246,34.0,0,34.0,37891.033088,0.0216,34.0,0,34.0,12.10,0.00
323,1014.095588,0.0213,27.0,0,27.0,1014.095588,0.0212,27.0,0,27.0,0.08,0.00
324,5911.610294,0.0218,5.0,0,5.0,5911.610294,0.0305,5.0,0,5.0,-39.52,0.00
325,5124.216912,0.0196,4.0,0,4.0,5124.216912,0.0203,4.0,0,4.0,-3.23,0.00
326,1152.661765,0.0198,30.0,0,30.0,1152.661765,0.0214,30.0,0,30.0,-8.29,0.00
327,65402.966912,0.0221,34.0,0,34.0,65402.966912,0.0254,34.0,0,34.0,-14.58,0.00
328,27353.297794,0.0216,35.0,0,35.0,27353.297794,0.0234,35.0,0,35.0,-8.08,0.00
329,62948.522059,0.0213,4.0,0,4.0,62948.522059,0.0349,4.0,0,4.0,-63.95,0.00
330,48253.746324,0.0219,35.0,0,35.0,48253.746324,0.0237,35.0,0,35.0,-8.28,0.00
331,440.209559,0.0205,32.0,0,32.0,440.209559,0.0222,32.0,0,32.0,-8.48,0.00
332,1004.286765,0.0207,4.0,0,4.0,1004.286765,0.0203,4.0,0,4.0,1.94,0.00
333,19004.580882,0.0210,36.0,0,36.0,19004.580882,0.0225,36.0,0,36.0,-7.43,0.00
334,69197.753676,0.0217,36.0,0,36.0,69197.753676,0.0307,36.0,0,36.0,-41.59,0.00
335,69247.352941,0.0263,32.0,0,32.0,69247.352941,0.0264,32.0,0,32.0,-0.44,0.00
336,2118.518382,0.0199,4.0,0,4.0,2118.518382,0.0254,4.0,0,4.0,-27.90,0.00
337,841.110294,0.0240,22.0,0,22.0,841.110294,0.0237,22.0,0,22.0,1.39,0.00
338,409.018382,0.0192,19.0,0,19.0,409.018382,0.0302,19.0,0,19.0,-57.37,0.00
339,54593.735294,0.0249,35.0,0,35.0,54593.735294,0.0296,35.0,0,35.0,-18.93,0.00
340,74102.044118,0.0282,33.0,0,33.0,74102.044118,0.0227,33.0,0,33.0,19.38,0.00
341,10600.632353,0.0226,33.0,0,33.0,10600.632353,0.0268,33.0,0,33.0,-18.56,0.00
342,797.783088,0.0181,21.0,0,21.0,797.783088,0.0204,21.0,0,21.0,-12.64,0.00
343,551.448529,0.0190,21.0,0,21.0,551.448529,0.0285,21.0,0,21.0,-49.73,0.00
344,18532.268382,0.0199,36.0,0,36.0,18532.268382,0.0235,36.0,0,36.0,-18.04,0.00
345,731.720588,0.0183,15.0,0,15.0,731.720588,0.0212,15.0,0,15.0,-15.93,0.00
346,565.275735,0.0281,26.0,0,26.0,565.275735,0.0208,26.0,0,26.0,25.93,0.00
347,31331.393382,0.0199,25.0,0,25.0,31331.393382,0.0226,25.0,0,25.0,-13.32,0.00
348,70640.485294,0.0200,35.0,0,35.0,70640.485294,0.0235,35.0,0,35.0,-17.57,0.00
349,1366.319853,0.0215,24.0,0,24.0,1366.319853,0.0212,24.0,0,24.0,1.80,0.00
350,976.992647,0.0192,8.0,0,8.0,976.992647,0.0221,8.0,0,8.0,-15.43,0.00
351,34807.150735,0.0378,35.0,0,35.0,34807.150735,0.0228,35.0,0,35.0,39.81,0.00
352,2767.154412,0.0279,20.0,0,20.0,2767.154412,0.0209,20.0,0,20.0,24.88,0.00
353,52790.080882,0.0185,35.0,0,35.0,52790.080882,0.0234,35.0,0,35.0,-26.19,0.00
354,602.327206,0.0211,26.0,0,26.0,602.327206,0.0223,26.0,0,26.0,-6.03,0.00
355,439.011029,0.0215,26.0,0,26.0,439.011029,0.0225,26.0,0,26.0,-4.30,0.00
356,17751.632353,0.0230,23.0,0,23.0,17751.632353,0.0266,23.0,0,23.0,-15.77,0.00
357,17567.459559,0.0223,25.0,0,25.0,17567.459559,0.0267,25.0,0,25.0,-19.58,0.00
358,1240.091912,0.0197,28.0,0,28.0,1240.091912,0.0208,28.0,0,28.0,-5.51,0.00
359,141.636029,0.0219,23.0,0,23.0,141.636029,0.0220,23.0,0,23.0,-0.45,0.00
360,40823.738971,0.0229,35.0,0,35.0,40823.738971,0.0224,35.0,0,35.0,1.92,0.00
361,432.580882,0.0195,15.0,0,15.0,432.580882,0.0216,15.0,0,15.0,-10.67,0.00
362,1410.154412,0.0198,13.0,0,13.0,1410.154412,0.0209,13.0,0,13.0,-5.31,0.00
363,68377.334559,0.0221,28.0,0,28.0,68377.334559,0.0313,28.0,0,28.0,-41.60,0.00
364,26547.937500,0.0238,36.0,0,36.0,26547.937500,0.0301,36.0,0,36.0,-26.79,0.00
365,42592.838235,0.0218,35.0,0,35.0,42592.838235,0.0237,35.0,0,35.0,-8.83,0.00
366,77639.529412,0.0213,36.0,0,36.0,77639.529412,0.0216,36.0,0,36.0,-1.34,0.00
367,1275.312500,0.0197,5.0,0,5.0,1275.312500,0.0226,5.0,0,5.0,-14.89,0.00
368,780.132353,0.0194,5.0,0,5.0,780.132353,0.0216,5.0,0,5.0,-10.96,0.00
369,34984.941176,0.0209,35.0,0,35.0,34984.941176,0.0219,35.0,0,35.0,-4.50,0.00
370,34457.334559,0.0222,32.0,0,32.0,34457.334559,0.0206,32.0,0,32.0,7.62,0.00
371,70153.422794,0.0222,4.0,0,4.0,70153.422794,0.0215,4.0,0,4.0,3.19,0.00
372,896.801471,0.0217,3.0,0,3.0,896.801471,0.0206,3.0,0,3.0,5.19,0.00
373,51442.742647,0.0221,35.0,0,35.0,51442.742647,0.0232,35.0,0,35.0,-4.93,0.00
374,10945.669118,0.0198,5.0,0,5.0,10945.669118,0.0221,5.0,0,5.0,-11.58,0.00
375,7093.786765,0.0204,33.0,0,33.0,7093.786765,0.0223,33.0,0,33.0,-9.28,0.00
376,2443.834559,0.0226,8.0,0,8.0,2443.834559,0.0213,8.0,0,8.0,5.54,0.00
377,7835.051471,0.0219,5.0,0,5.0,7835.051471,0.0227,5.0,0,5.0,-3.51,0.00
378,39885.860294,0.0213,35.0,0,35.0,39885.860294,0.0228,35.0,0,35.0,-7.27,0.00
379,800.058824,0.0192,33.0,0,33.0,800.058824,0.0210,33.0,0,33.0,-9.27,0.00
380,8566.334559,0.0211,27.0,0,27.0,8566.334559,0.0213,27.0,0,27.0,-0.63,0.00
381,16051.720588,0.0225,32.0,0,32.0,16051.720588,0.0222,32.0,0,32.0,1.21,0.00
382,11429.110294,0.0289,28.0,0,28.0,11429.110294,0.0196,28.0,0,28.0,32.25,0.00
383,16583.452206,0.0210,37.0,0,37.0,16583.452206,0.0227,37.0,0,37.0,-8.27,0.00
384,42857.992647,0.0251,36.0,0,36.0,42857.992647,0.0236,36.0,0,36.0,6.01,0.00
385,955.415441,0.0206,7.0,0,7.0,955.415441,0.0195,7.0,0,7.0,5.46,0.00
386,28081.253676,0.0202,34.0,0,34.0,28081.253676,0.0237,34.0,0,34.0,-16.91,0.00
387,42459.955882,0.0204,34.0,0,34.0,42459.955882,0.0226,34.0,0,34.0,-11.10,0.00
388,1621.459559,0.0224,22.0,0,22.0,1621.459559,0.0225,22.0,0,22.0,-0.48,0.00
389,33759.566176,0.0216,35.0,0,35.0,33759.566176,0.0454,35.0,0,35.0,-109.85,0.00
390,6351.518382,0.0210,33.0,0,33.0,6351.518382,0.0250,33.0,0,33.0,-18.90,0.00
391,1000.261029,0.0225,31.0,0,31.0,1000.261029,0.0223,31.0,0,31.0,1.07,0.00
392,71391.904412,0.0208,35.0,0,35.0,71391.904412,0.0237,35.0,0,35.0,-13.87,0.00
393,10274.617647,0.0235,38.0,0,38.0,10274.617647,0.0221,38.0,0,38.0,5.87,0.00
394,921.511029,0.0210,37.0,0,37.0,921.511029,0.0218,37.0,0,37.0,-3.81,0.00
395,52531.000000,0.0255,34.0,0,34.0,52531.000000,0.0230,34.0,0,34.0,9.99,0.00
396,783.091912,0.0229,30.0,0,30.0,783.091912,0.0214,30.0,0,30.0,6.65,0.00
397,71618.672794,0.0221,36.0,0,36.0,71618.672794,0.0241,36.0,0,36.0,-9.16,0.00
398,323.294118,0.0199,36.0,0,36.0,323.294118,0.0226,36.0,0,36.0,-13.34,0.00
399,74103.014706,0.0234,38.0,0,38.0,74103.014706,0.0239,38.0,0,38.0,-1.79,0.00
400,557.411765,0.0223,28.0,0,28.0,557.411765,0.0215,28.0,0,28.0,3.56,0.00
401,48842.613971,0.0207,35.0,0,35.0,48842.613971,0.0419,35.0,0,35.0,-102.22,0.00
402,97510.933824,0.0205,35.0,0,35.0,97510.933824,0.0223,35.0,0,35.0,-8.61,0.00
403,49178.352941,0.0206,35.0,0,35.0,49178.352941,0.0206,35.0,0,35.0,0.27,0.00
404,895.047794,0.0236,22.0,0,22.0,895.047794,0.0216,22.0,0,22.0,8.28,0.00
405,89682.981618,0.0239,35.0,0,35.0,89682.981618,0.0235,35.0,0,35.0,1.33,0.00
406,1329.422794,0.0182,27.0,0,27.0,1329.422794,0.0196,27.0,0,27.0,-7.60,0.00
407,97936.555147,0.0229,34.0,0,34.0,97936.555147,0.0320,34.0,0,34.0,-40.10,0.00
408,5446.522059,0.0245,5.0,0,5.0,5446.522059,0.0263,5.0,0,5.0,-7.01,0.00
409,917.801471,0.0272,29.0,0,29.0,917.801471,0.0249,29.0,0,29.0,8.35,0.00
410,97671.444853,0.0238,33.0,0,33.0,97671.444853,0.0300,33.0,0,33.0,-25.83,0.00
411,47895.022059,0.0198,34.0,0,34.0,47895.022059,0.0312,34.0,0,34.0,-57.63,0.00
412,80063.165441,0.0271,32.0,0,32.0,80063.165441,0.0273,32.0,0,32.0,-0.51,0.00
413,1252.955882,0.0202,3.0,0,3.0,1252.955882,0.0298,3.0,0,3.0,-47.21,0.00
414,35000.797794,0.0237,39.0,0,39.0,35000.797794,0.0223,39.0,0,39.0,5.98,0.00
415,90428.750000,0.0212,36.0,0,36.0,90428.750000,0.0207,36.0,0,36.0,2.41,0.00
416,33965.257353,0.0243,4.0,0,4.0,33965.257353,0.0220,4.0,0,4.0,9.65,0.00
417,47376.584559,0.0214,36.0,0,36.0,47376.584559,0.0261,36.0,0,36.0,-21.55,0.00
418,96696.838235,0.0219,33.0,0,33.0,96696.838235,0.0231,33.0,0,33.0,-5.49,0.00
419,2069.316176,0.0221,24.0,0,24.0,2069.316176,0.0248,24.0,0,24.0,-11.89,0.00
420,268.055147,0.0215,25.0,0,25.0,268.055147,0.0218,25.0,0,25.0,-1.44,0.00
421,95815.080882,0.0220,30.0,0,30.0,95815.080882,0.0229,30.0,0,30.0,-4.03,0.00
422,30964.290441,0.0239,31.0,0,31.0,30964.290441,0.0257,31.0,0,31.0,-7.56,0.00
423,713.316176,0.0209,6.0,0,6.0,713.316176,0.0260,6.0,0,6.0,-24.32,0.00
424,8172.055147,0.0216,4.0,0,4.0,8172.055147,0.0222,4.0,0,4.0,-2.85,0.00
425,56647.099265,0.0203,28.0,0,28.0,56647.099265,0.0211,28.0,0,28.0,-3.61,0.00
426,7788.761029,0.0231,4.0,0,4.0,7788.761029,0.0242,4.0,0,4.0,-4.43,0.00
427,1889.062500,0.0191,5.0,0,5.0,1889.062500,0.0231,5.0,0,5.0,-20.91,0.00
428,72579.003676,0.0224,29.0,0,29.0,72579.003676,0.0236,29.0,0,29.0,-5.46,0.00
429,98545.658088,0.0197,32.0,0,32.0,98545.658088,0.0241,32.0,0,32.0,-22.32,0.00
430,5201.694853,0.0212,5.0,0,5.0,5201.694853,0.0360,5.0,0,5.0,-69.84,0.00
431,92655.014706,0.0203,33.0,0,33.0,92655.014706,0.0265,33.0,0,33.0,-30.73,0.00
432,55836.808824,0.0200,31.0,0,31.0,55836.808824,0.0273,31.0,0,31.0,-36.67,0.00
433,348.647059,0.0206,31.0,0,31.0,348.647059,0.0291,31.0,0,31.0,-41.13,0.00
434,92382.863971,0.0233,29.0,0,29.0,92382.863971,0.0361,29.0,0,29.0,-54.78,0.00
435,315.198529,0.0195,26.0,0,26.0,315.198529,0.0359,26.0,0,26.0,-84.39,0.00
436,926.143382,0.0225,22.0,0,22.0,926.143382,0.0311,22.0,0,22.0,-38.15,0.00
437,74301.992647,0.0217,33.0,0,33.0,74301.992647,0.0292,33.0,0,33.0,-34.55,0.00
438,305.018382,0.0200,29.0,0,29.0,305.018382,0.0335,29.0,0,29.0,-67.71,0.00
439,103040.404412,0.0206,34.0,0,34.0,103040.404412,0.0268,34.0,0,34.0,-30.38,0.00
440,36297.731618,0.0232,36.0,0,36.0,36297.731618,0.0313,36.0,0,36.0,-35.12,0.00
441,456.022059,0.0216,32.0,0,32.0,456.022059,0.0304,32.0,0,32.0,-40.74,0.00
442,88842.569853,0.0228,36.0,0,36.0,88842.569853,0.0284,36.0,0,36.0,-24.45,0.00
443,43425.246324,0.0216,35.0,0,35.0,43425.246324,0.0324,35.0,0,35.0,-50.02,0.00
444,98639.338235,0.0227,35.0,0,35.0,98639.338235,0.0320,35.0,0,35.0,-41.06,0.00
445,57647.422794,0.0210,37.0,0,37.0,57647.422794,0.0299,37.0,0,37.0,-41.94,0.00
446,64890.080882,0.0228,35.0,0,35.0,64890.080882,0.0273,35.0,0,35.0,-19.53,0.00
447,689.011029,0.0220,7.0,0,7.0,689.011029,0.0248,7.0,0,7.0,-12.58,0.00
448,34253.610294,0.0231,35.0,0,35.0,34253.610294,0.0232,35.0,0,35.0,-0.78,0.00
449,2128.937500,0.0215,5.0,0,5.0,2128.937500,0.0305,5.0,0,5.0,-41.68,0.00
450,17662.264706,0.0221,3.0,0,3.0,17662.264706,0.0231,3.0,0,3.0,-4.34,0.00
451,318.136029,0.0204,24.0,0,24.0,318.136029,0.0260,24.0,0,24.0,-27.61,0.00
452,99914.441176,0.0211,33.0,0,33.0,99914.441176,0.0223,33.0,0,33.0,-5.46,0.00
453,46541.687500,0.0222,35.0,0,35.0,46541.687500,0.0247,35.0,0,35.0,-11.65,0.00
454,263.382353,0.0200,7.0,0,7.0,263.382353,0.0265,7.0,0,7.0,-32.29,0.00
455,208.562500,0.0238,32.0,0,32.0,208.562500,0.0263,32.0,0,32.0,-10.65,0.00
456,46837.080882,0.0245,38.0,0,38.0,46837.080882,0.0314,38.0,0,38.0,-28.00,0.00
457,1786.709559,0.0207,23.0,0,23.0,1786.709559,0.0394,23.0,0,23.0,-90.10,0.00
458,57875.959559,0.0241,34.0,0,34.0,57875.959559,0.0243,34.0,0,34.0,-0.44,0.00
459,66900.816176,0.0222,33.0,0,33.0,66900.816176,0.0376,33.0,0,33.0,-69.53,0.00
460,107771.544118,0.0217,31.0,0,31.0,107771.544118,0.0248,31.0,0,31.0,-14.51,0.00
461,26566.125000,0.0236,36.0,0,36.0,26566.125000,0.0266,36.0,0,36.0,-12.81,0.00
462,92687.761029,0.0220,32.0,0,32.0,92687.761029,0.0219,32.0,0,32.0,0.14,0.00
463,237.165441,0.0200,33.0,0,33.0,237.165441,0.0303,33.0,0,33.0,-51.50,0.00
464,54607.621324,0.0197,35.0,0,35.0,54607.621324,0.0310,35.0,0,35.0,-57.28,0.00
465,99044.908088,0.0190,29.0,0,29.0,99044.908088,0.0330,29.0,0,29.0,-73.18,0.00
466,42715.047794,0.0204,38.0,0,38.0,42715.047794,0.0285,38.0,0,38.0,-40.06,0.00
467,79237.121324,0.0198,37.0,0,37.0,79237.121324,0.0277,37.0,0,37.0,-40.03,0.00
468,91603.268382,0.0212,39.0,0,39.0,91603.268382,0.0276,39.0,0,39.0,-30.62,0.00
469,43038.279412,0.0193,39.0,0,39.0,43038.279412,0.0248,39.0,0,39.0,-28.55,0.00
470,79052.500000,0.0232,36.0,0,36.0,79052.500000,0.0240,36.0,0,36.0,-3.65,0.00
471,59775.672794,0.0258,34.0,0,34.0,59775.672794,0.0274,34.0,0,34.0,-6.02,0.00
472,81271.246324,0.0263,33.0,0,33.0,81271.246324,0.0299,33.0,0,33.0,-13.42,0.00
473,81637.025735,0.0279,33.0,0,33.0,81637.025735,0.0371,33.0,0,33.0,-33.09,0.00
474,705.514706,0.0238,14.0,0,14.0,705.514706,0.0304,14.0,0,14.0,-27.69,0.00
475,78245.091912,0.0206,34.0,0,34.0,78245.091912,0.0243,34.0,0,34.0,-17.77,0.00
476,451.250000,0.0220,26.0,0,26.0,451.250000,0.0232,26.0,0,26.0,-5.19,0.00
477,955.261029,0.0215,25.0,0,25.0,955.261029,0.0281,25.0,0,25.0,-30.83,0.00
478,196.106618,0.0217,31.0,0,31.0,196.106618,0.0200,31.0,0,31.0,7.72,0.00
479,57379.812500,0.0243,34.0,0,34.0,57379.812500,0.0520,34.0,0,34.0,-114.62,0.00
480,85803.647059,0.0256,34.0,0,34.0,85803.647059,0.0264,34.0,0,34.0,-3.02,0.00
481,68153.507353,0.0221,33.0,0,33.0,68153.507353,0.0273,33.0,0,33.0,-23.30,0.00
482,65934.290441,0.0262,37.0,0,37.0,65934.290441,0.0254,37.0,0,37.0,2.80,0.00
483,78248.661765,0.0210,35.0,0,35.0,78248.661765,0.0388,35.0,0,35.0,-84.78,0.00
484,58334.441176,0.0224,6.0,0,6.0,58334.441176,0.0256,6.0,0,6.0,-14.22,0.00
485,91190.654412,0.0231,32.0,0,32.0,91190.654412,0.0275,32.0,0,32.0,-18.98,0.00
486,74100.202206,0.0250,35.0,0,35.0,74100.202206,0.0268,35.0,0,35.0,-7.42,0.00
487,2885.709559,0.0203,28.0,0,28.0,2885.709559,0.0250,28.0,0,28.0,-23.02,0.00
488,1925.613971,0.0207,26.0,0,26.0,1925.613971,0.0216,26.0,0,26.0,-4.12,0.00
489,202.919118,0.0203,25.0,0,25.0,202.919118,0.0233,25.0,0,25.0,-14.86,0.00
490,923.441176,0.0184,7.0,0,7.0,923.441176,0.0221,7.0,0,7.0,-19.96,0.00
491,639.893382,0.0205,8.0,0,8.0,639.893382,0.0222,8.0,0,8.0,-8.40,0.00
492,230.110294,0.0210,33.0,0,33.0,230.110294,0.0306,33.0,0,33.0,-45.36,0.00
493,1338.610294,0.0192,21.0,0,21.0,1338.610294,0.0247,21.0,0,21.0,-28.43,0.00
494,452.316176,0.0199,22.0,0,22.0,452.316176,0.0216,22.0,0,22.0,-8.48,0.00
495,85629.389706,0.0196,32.0,0,32.0,85629.389706,0.0242,32.0,0,32.0,-23.69,0.00
496,312.033088,0.0223,34.0,0,34.0,312.033088,0.0240,34.0,0,34.0,-7.76,0.00
497,170.529412,0.0208,34.0,0,34.0,170.529412,0.0246,34.0,0,34.0,-18.61,0.00
498,506.827206,0.0211,36.0,0,36.0,506.827206,0.0268,36.0,0,36.0,-26.99,0.00
499,62210.062500,0.0200,33.0,0,33.0,62210.062500,0.0210,33.0,0,33.0,-4.77,0.00
